mp-id,Formula,Space Group,Stable,Energy Above Hull (eV/atom),Experimentally Observed,Predicted Tc (K),Predicted Tc Std. Dev. (K),Closest Known Superconductor,Closest Superconductor Distance,Log Probability of Superconductivity
mp-771950,K2MnO4,"['P2_1/c', 'Monoclinic']",False,0.0057388775000015,False,5.082424640655518,1.277751088142395,KMnO4,0.238095238095238,0.0
mp-1197864,Lu3Ge13Ir4,"['Pm-3n', 'Cubic']",False,0.0072804005833342,True,1.7796286344528198,0.5153554677963257,Lu5Ir4Ge10,0.2473684210526316,0.0
mp-1008776,SrC2,"['R-3m', 'Trigonal']",False,0.2015019429629623,False,7.10008716583252,1.9268985986709597,SrC6,0.3809523809523809,0.0
mp-1218269,SrLa3(Cu2O5)2,"['Pm', 'Monoclinic']",False,0.0257281941666542,False,54.457969665527344,4.796420097351074,La2SrCu2O6,0.101010101010101,0.0
mp-1218244,SrLa3(CuO4)2,"['Amm2', 'Orthorhombic']",False,0.0397429100111654,False,23.34185028076172,3.503413438796997,La2SrCu2O6,0.1168831168831169,0.0
mp-1218202,SrLaCuO4,"['I4mm', 'Tetragonal']",False,0.0114488746875061,False,22.876121520996094,3.9806840419769287,La2SrCu2O6,0.1558441558441558,0.0
mp-1517013,NaLi(WO3)4,"['Amm2', 'Orthorhombic']",False,0.0446536565188075,False,28.56726455688477,0.7813423871994019,WO3,0.2222222222222222,0.0
mp-672238,CeCuSb2,"['P4/nmm', 'Tetragonal']",True,0.0,True,1.8875521421432493,0.7669261693954468,Cu2Sb,0.8333333333333333,0.0
mp-1194415,K3Mn2O8,"['P2_1/m', 'Monoclinic']",False,0.0025073650349662,True,4.840089797973633,1.0322343111038208,KMnO4,0.1282051282051281,0.0
mp-18815,KVO3,"['Pbcm', 'Orthorhombic']",True,0.0,True,2.685208320617676,0.1720015853643417,V2O5,0.4,0.0
mp-1218623,Sr3La(CuO2)4,"['Pmc2_1', 'Orthorhombic']",False,0.0284600018750005,False,31.69893455505371,8.36981201171875,SrCuO2,0.125,0.0
mp-16787,K2V3O8,"['P4bm', 'Tetragonal']",True,0.0,True,3.603365659713745,0.9107846021652222,V2O5,0.3076923076923076,0.0
mp-27704,K3V5O14,"['P31m', 'Trigonal']",True,0.0,True,5.786467552185059,0.8966298699378967,V2O5,0.2727272727272727,0.0
mp-510713,K3Mn2O8,"['R-3m', 'Trigonal']",False,0.0067560904195804,True,6.020778656005859,1.4991945028305054,KMnO4,0.1282051282051281,-1.1920928244535389e-07
mp-1095679,Cu2BrO3,"['P2_1/m', 'Monoclinic']",False,0.0708694346875011,True,87.56930541992188,9.90285873413086,Cu3O6,0.3333333333333332,-1.1920928244535389e-07
mp-504636,K2MnO4,"['Pnma', 'Orthorhombic']",True,0.0,True,3.6340932846069336,1.2210735082626345,KMnO4,0.238095238095238,-1.1920928244535389e-07
mp-1025564,LuAl2Pd5,"['I4/mmm', 'Tetragonal']",True,0.0,False,8.115262985229492,3.576213359832764,Pd,0.75,-1.1920928244535389e-07
mp-1211704,K3VO8,"['I-42m', 'Tetragonal']",False,0.2434998106770836,False,3.8540117740631104,0.3647568523883819,KO3,0.1666666666666666,-1.1920928244535389e-07
mp-1184948,KMnO3,"['Pm-3m', 'Cubic']",False,0.2799126273409094,False,11.47698211669922,1.532835841178894,KMnO4,0.1333333333333333,-2.384185506798531e-07
mp-757932,Li4Mn7O16,"['C2/m', 'Monoclinic']",False,0.0607519379629737,False,35.44153594970703,2.549445152282715,O7,0.8148148148148149,-2.384185506798531e-07
mp-1178367,Dy2CuO4,"['I4/mmm', 'Tetragonal']",False,0.0399781971428545,False,29.58189010620117,0.5934552550315857,Dy2O3,0.2857142857142857,-2.384185506798531e-07
mp-1227231,CaBeGe,"['P-6m2', 'Hexagonal']",False,0.0484052660256404,False,1.277949571609497,0.598639190196991,CaBe2Ge2,0.2666666666666667,-2.384185506798531e-07
mp-18761,K3V3O8,"['P-3m1', 'Trigonal']",True,0.0,True,7.671499729156494,0.916470229625702,V2O5,0.4285714285714286,-2.384185506798531e-07
mp-10898,ScAlNi2,"['Fm-3m', 'Cubic']",True,0.0,True,1.2511597871780396,0.9136516451835632,Ni3Al,0.5,-3.576278118089249e-07
mp-1024941,YB2Rh3,"['P6/mmm', 'Hexagonal']",True,0.0,True,3.0601966381073,1.2014514207839966,YRh4B4,0.2222222222222222,-3.576278118089249e-07
mp-1208557,TaSiNi,"['Pnma', 'Orthorhombic']",True,0.0,False,-0.3547401428222656,0.4629684090614319,NiTa2,0.6666666666666666,-4.768370445162873e-07
mp-21318,PtPb2,"['I4/mcm', 'Tetragonal']",False,0.0304999044444436,True,1.9442391395568848,0.8056759834289551,Pb4Pt,0.2666666666666667,-5.960462772236497e-07
mp-725644,AsPb2Cl2O3,"['P2_1/m', 'Monoclinic']",False,0.1721659012760215,True,12.997068405151367,1.1267625093460083,ClO4,0.8500000000000001,-5.960462772236497e-07
mp-567362,BiTe,"['Fm-3m', 'Cubic']",False,0.1042585575000023,True,10.65002155303955,2.5874578952789307,Bi4Te3,0.1428571428571428,-7.152555099310121e-07
mp-1220401,Nb4Pd,"['Fmmm', 'Orthorhombic']",False,0.0225370139999991,False,6.567743301391602,1.3564234972000122,Nb3Pd,0.1,-9.536738616588992e-07
mp-19438,LiMnO4,"['Cmcm', 'Orthorhombic']",False,0.1617353778333363,True,25.924182891845703,0.8940054774284363,O7,0.6666666666666667,-1.0728830375228426e-06
mp-1221439,Na4Li5(WO3)10,"['P1', 'Triclinic']",False,0.0546849907958773,False,17.54004669189453,1.5944191217422483,WO3,0.3673469387755101,-1.0728830375228426e-06
mp-758228,Li13Mn8O24,"['C2', 'Monoclinic']",False,0.0622816151555563,False,28.13668441772461,3.251520156860352,O7,0.9333333333333332,-1.311301275563892e-06
mp-1200488,K3V2O12,"['P2_1/c', 'Monoclinic']",False,0.4199053309926572,True,4.411550521850586,0.8163742423057556,KO3,0.2352941176470587,-1.6689286894688848e-06
mp-5373,Y2Ti2O7,"['Fd-3m', 'Cubic']",False,0.0091973797727487,True,0.993960976600647,0.9747313261032104,YTiO3,0.0727272727272727,-1.6689286894688848e-06
mp-758586,Li13Mn8O24,"['P2/m', 'Monoclinic']",False,0.0684395682666663,False,29.403240203857425,3.1092209815979004,O7,0.9333333333333332,-1.9073468138230965e-06
mp-758698,Li13Mn8O24,"['P-1', 'Triclinic']",False,0.0642416709333328,False,29.17819023132324,3.1163229942321777,O7,0.9333333333333332,-2.145764938177308e-06
mp-1201198,K2VO6,"['P2_1/c', 'Monoclinic']",False,0.3842277165972225,True,5.291378974914551,0.8007545471191406,KO3,0.2222222222222222,-2.145764938177308e-06
mp-1003769,Li3Mn4O8,"['C2/m', 'Monoclinic']",False,0.0644441980000065,False,33.547080993652344,1.2587820291519165,O7,0.9333333333333332,-2.622600959512056e-06
mp-762412,Li2Mn3O6,"['C2/m', 'Monoclinic']",False,0.0311729868181753,False,31.340856552124023,1.1835676431655884,O7,0.9090909090909092,-2.861018856492592e-06
mp-764763,Li7Mn4O12,"['P1', 'Triclinic']",False,0.0428114598840556,False,29.099029541015625,2.8678841590881348,O7,0.9565217391304348,-3.2186455882765586e-06
mp-1080207,Li3Mn4O8,"['C2/m', 'Monoclinic']",False,0.0669853010000069,False,33.07636260986328,1.525598168373108,O7,0.9333333333333332,-3.2186455882765586e-06
mp-1079053,B2Mo3,"['P4/mbm', 'Tetragonal']",False,0.0314735939999994,True,4.790496349334717,1.4370402097702026,Mo5B3,0.05,-3.4570634852570947e-06
mp-19962,Sn2Pt,"['Fm-3m', 'Cubic']",True,0.0,True,1.8245539665222168,0.9003301858901978,PtSn4,0.2666666666666667,-3.814689989667386e-06
mp-22682,In2Pt,"['Fm-3m', 'Cubic']",True,0.0,True,1.5361485481262207,0.6481001377105713,In,0.6666666666666667,-4.529942543740617e-06
mp-21602,Zr4Ni2O,"['Fd-3m', 'Cubic']",False,0.5448744265714289,True,3.577782154083252,1.205513596534729,NiZr2,0.2857142857142857,-4.649151378544048e-06
mp-573601,Th7Ru3,"['P6_3mc', 'Hexagonal']",True,0.0,True,0.9464532136917114,0.7475926876068115,Th,0.6000000000000001,-4.768360213347478e-06
mp-1045540,Li3Mn4O8,"['Cm', 'Monoclinic']",False,0.0373671040000065,False,30.967660903930664,1.319878339767456,O7,0.9333333333333332,-5.125986263010418e-06
mp-685259,Y16Ti16O35,"['P1', 'Triclinic']",False,0.3333626535820908,False,3.277441024780273,0.6381639838218689,YTiO3,0.1552238805970149,-5.125986263010418e-06
mp-1200449,Ce3Sn13Ir4,"['Pm-3n', 'Cubic']",True,0.0,True,3.232109546661377,0.7677048444747925,IrSn2,0.2999999999999999,-5.245195097813848e-06
mp-753028,Li3Mn4O8,"['C2/m', 'Monoclinic']",False,0.027425578000007,False,31.39291000366211,1.38945472240448,O7,0.9333333333333332,-5.841237907588948e-06
mp-28280,K5V3O10,"['P4_12_12', 'Tetragonal']",True,0.0,True,4.932521343231201,1.097571849822998,KO3,0.3888888888888888,-6.079655122448457e-06
mp-752673,Dy2CuO4,"['Cmce', 'Orthorhombic']",False,0.0235548657142832,False,32.268310546875,1.084077000617981,Dy2O3,0.2857142857142857,-6.318072337307967e-06
mp-219,MoP,"['P-6m2', 'Hexagonal']",True,0.0,True,7.21710205078125,1.9633324146270752,Mo4P3,0.1428571428571428,-7.033323527139146e-06
mp-1120793,LiMnO3,"['Pnma', 'Orthorhombic']",False,0.1839200139666621,False,28.64142227172852,4.188078880310059,O7,0.8,-7.390948667307384e-06
mp-754405,Ce2TiO5,"['C2/c', 'Monoclinic']",False,0.1071439121874995,False,18.3861083984375,0.8890911340713501,CeO2,0.2499999999999999,-8.4638240878121e-06
mp-1178110,Li(BiO2)2,"['Pbca', 'Orthorhombic']",False,0.0541907709523901,False,14.239154815673828,0.7467963695526123,BiBiO3,0.2857142857142857,-8.583032467868179e-06
mp-1365383,Y2Ti3O9,"['Pnma', 'Orthorhombic']",False,0.0447228926786014,False,2.274106979370117,0.7866773009300232,YTiO3,0.1142857142857143,-1.0013530300057027e-05
mp-1728,LuRh2,"['Fd-3m', 'Cubic']",True,0.0,True,2.24478530883789,1.077811360359192,LuRh5,0.3333333333333333,-1.0371154530730564e-05
mp-756143,Li5Mn6O12,"['P-1', 'Triclinic']",False,0.0423710371739058,False,30.878835678100582,0.9990737438201904,O7,0.9565217391304348,-1.3232143828645349e-05
mp-29077,LiBiO3,"['Pccn', 'Orthorhombic']",True,0.0,True,20.41256332397461,1.7982096672058103,BiBiO3,0.4,-1.370897462038556e-05
mp-557105,K4V2O7,"['C2/m', 'Monoclinic']",True,0.0,True,4.984686851501465,1.324419021606445,KO3,0.4230769230769231,-1.4662635294371285e-05
mp-1215117,Ce3(Sn3Pd2)2,"['Pnma', 'Orthorhombic']",True,0.0,False,3.75093674659729,0.5822837948799133,PdSn2,0.4615384615384614,-1.5616295058862306e-05
mp-1216199,Y5B4Rh15,"['P4/mmm', 'Tetragonal']",False,0.0163247788888911,False,1.649917483329773,0.7958488464355469,YRh3B,0.0666666666666667,-1.5735502529423684e-05
mp-19140,K3MnO4,"['I-42m', 'Tetragonal']",True,0.0,True,6.641008377075195,1.116037130355835,KMnO4,0.4166666666666666,-1.728519782773219e-05
mp-568832,Y(PRu)2,"['I4/mmm', 'Tetragonal']",True,0.0,True,6.060101509094238,0.5662053823471069,RuP,0.3999999999999999,-1.8000440832111053e-05
mp-759775,Li8Mn9O18,"['P1', 'Triclinic']",False,0.0276485979999998,False,30.09147834777832,1.044131875038147,O7,0.9714285714285714,-1.8954096958623268e-05
mp-753674,Li3Mn4O8,"['C2/m', 'Monoclinic']",False,0.0265765243333397,False,30.80131721496582,1.0687357187271118,O7,0.9333333333333332,-1.9311717551318e-05
mp-1202732,Pd2(RhS)15,"['Pm-3m', 'Cubic']",False,0.031831381317934,True,3.8197507858276367,0.719995379447937,Rh17S15,0.125,-1.943092502187937e-05
mp-760821,Li3Mn4O8,"['P1', 'Triclinic']",False,0.0645183430000067,False,28.90497398376465,2.005326509475708,O7,0.9333333333333332,-2.014616620726884e-05
mp-758278,LiMn3O6,"['C2', 'Monoclinic']",False,0.1096874048749958,False,39.5628776550293,3.511026382446289,O7,0.8,-2.026537367783021e-05
mp-1219493,ReMo3,"['Cmmm', 'Orthorhombic']",False,0.0651059806249989,False,7.371574878692627,0.914560616016388,Mo60Re40,0.3,-2.13382354559144e-05
mp-758757,Li2Mn3O6,"['P1', 'Triclinic']",False,0.0621687224242366,False,33.2200813293457,1.4868122339248655,O7,0.9090909090909092,-2.217268229287584e-05
mp-571599,Ba(BiPd)2,"['P2_1/m', 'Monoclinic']",True,0.0,True,2.0541462898254395,1.050647854804993,Bi2Pd3,0.3999999999999999,-2.2291887944447808e-05
mp-23697,K3AlH6,"['I4/mmm', 'Tetragonal']",False,0.0498218295000003,False,23.07368278503418,1.295803427696228,KH,0.4,-2.407998726994265e-05
mp-567203,La(SiOs)2,"['I4/mmm', 'Tetragonal']",True,0.0,True,7.170750141143799,0.7844177484512329,LaOs2,0.7999999999999999,-2.407998726994265e-05
mp-1221488,Mo4C3,"['R-3m', 'Trigonal']",False,0.193866674642857,False,7.518454551696777,1.2925045490264893,C2Mo3,0.0571428571428571,-2.455681169521995e-05
mp-554801,Ca3Nb4(O6F)2,"['P4_332', 'Cubic']",False,0.0197084372619045,True,12.645294189453123,1.2404801845550537,Ca2NbO4,0.2857142857142857,-2.4676019165781327e-05
mp-768763,Li4AlCr3O8,"['P2/m', 'Monoclinic']",False,0.0066886798437426,False,22.29869079589844,0.8655632734298706,CrO2,0.625,-2.825220326485578e-05
mp-1224184,HfZrB4,"['Pmmm', 'Orthorhombic']",True,0.0,False,2.57495641708374,2.0919835567474365,HfB2,0.3333333333333333,-2.9444261599564925e-05
mp-765459,Li3Mn4O8,"['P-1', 'Triclinic']",False,0.0575333916666727,False,29.604930877685547,1.7806111574172974,O7,0.9333333333333332,-3.00402898574248e-05
mp-11273,Be3Nb,"['R-3m', 'Trigonal']",True,0.0,True,0.8545072078704834,0.9618602991104126,Be2Nb,0.1666666666666666,-3.00402898574248e-05
mp-573425,Y8Co5,"['P2_1/c', 'Monoclinic']",False,0.0012234444230774,True,1.3983691930770874,0.5927038192749023,Y4Co3,0.0879120879120879,-3.349725011503324e-05
mp-770527,Li2Mn4O9,"['P-3c1', 'Trigonal']",False,0.0778719275833363,False,38.367034912109375,2.937105417251587,O7,0.8,-3.45700973412022e-05
mp-1185313,LiAlO3,"['Pm-3m', 'Cubic']",False,0.3707503869821398,False,15.415882110595703,4.222156047821045,Al2O3,0.4,-3.576214658096433e-05
mp-1177617,Li3Mn4O8,"['P-1', 'Triclinic']",False,0.0568978640000068,False,30.134906768798828,1.7663757801055908,O7,0.9333333333333332,-3.635817120084539e-05
mp-759090,NaCr2O4,"['Pnma', 'Orthorhombic']",False,0.037030084761902,False,28.21479034423828,1.3761991262435913,CrO2,0.2857142857142857,-4.458328112377785e-05
mp-731715,K4V2O9,"['Cmcm', 'Orthorhombic']",False,0.2488618661666679,True,5.098066806793213,2.3257086277008057,KO3,0.3,-5.030505417380482e-05
mp-1176656,LiMn2O4,"['P-1', 'Triclinic']",False,0.0455457207142782,False,35.71775817871094,1.972337365150452,O7,0.8571428571428572,-5.173549288883805e-05
mp-861240,Li3Al2CrO6,"['C2/m', 'Monoclinic']",False,0.0156406354166618,False,21.401309967041016,3.528870820999145,AlAl2O3,0.6666666666666667,-5.602679812000133e-05
mp-1638896,Li5Mn6O12,"['P1', 'Triclinic']",False,0.0271145728260799,False,30.364192962646484,1.1988524198532104,O7,0.9565217391304348,-6.151010165922344e-05
mp-1077893,Ba(FeSe2)2,"['I4/m', 'Tetragonal']",False,0.1230867749999982,True,20.755836486816406,2.468139171600342,BaFe2Se3,0.1428571428571428,-6.16293036728166e-05
mp-18708,Fe3P,"['I-4', 'Tetragonal']",True,0.0,True,13.067493438720703,2.119239568710327,Fe2P,0.1666666666666666,-6.294052582234144e-05
mp-768694,Li4AlCr3O8,"['P-1', 'Triclinic']",False,0.0131514032812427,False,23.35141944885254,0.9404410123825072,CrO2,0.625,-6.723177648382261e-05
mp-1207867,W21S8,"['I4/m', 'Tetragonal']",False,0.5473907817241379,False,1.872982144355774,0.5682570338249207,W,0.5517241379310345,-6.83045873302035e-05
mp-779719,Li6Mn5O12,"['P1', 'Triclinic']",False,0.0424800358695716,False,31.01276397705078,2.0622823238372803,O7,0.9565217391304348,-6.854299135738984e-05
mp-1177674,Li3Mn4O8,"['P1', 'Triclinic']",False,0.0569811100000068,False,29.799808502197266,1.791813611984253,O7,0.9333333333333332,-7.366862701019272e-05
mp-768749,Li4AlCr3O8,"['P-1', 'Triclinic']",False,0.0127834764062422,False,23.518421173095703,0.93273663520813,CrO2,0.625,-7.486063259420916e-05
mp-542817,UPt,"['P2_1', 'Monoclinic']",False,0.0235311462499989,True,0.7004069089889526,1.1657134294509888,UPt3,0.5,-7.593343616463244e-05
mp-13072,PrGe3Rh,"['I4mm', 'Tetragonal']",True,0.0,True,4.187135219573975,0.6462496519088745,Pr4Ge12,0.4,-7.879423355916515e-05
mp-17387,LiVAsO5,"['Pnma', 'Orthorhombic']",True,0.0,True,28.714754104614254,0.1309924721717834,LiV2O4,0.3571428571428571,-8.654219709569588e-05
mp-22231,UTe3,"['Cmcm', 'Orthorhombic']",False,0.0031558400000104,True,2.4703660011291504,2.971743106842041,UTe2,0.1666666666666666,-9.202533692587168e-05
mp-768851,Li4AlCr3O8,"['P-1', 'Triclinic']",False,0.0131416357812428,False,23.198097229003903,1.0625377893447876,CrO2,0.625,-9.57204756559804e-05
mp-616512,Y3Co2,"['Pnnm', 'Orthorhombic']",False,0.0108304334999989,True,1.6516015529632568,0.6180066466331482,Y4Co3,0.0571428571428571,-9.91772103589028e-05
mp-1627,Mo2S3,"['P2_1/m', 'Monoclinic']",False,0.0955407129999974,True,3.010816812515259,1.6197763681411743,Mo3S4,0.0571428571428571,-0.0001060906433849
mp-25228,KMnO2,"['C2/m', 'Monoclinic']",False,0.3384169372916679,False,14.319385528564451,0.5641337037086487,KMnO4,0.3333333333333333,-0.0001100241206586
mp-1219517,ReMo3,"['R-3m', 'Trigonal']",False,0.3125696856250002,False,7.998205184936523,1.0533188581466677,Mo60Re40,0.3,-0.0001268306368729
mp-1190178,YNiB4,"['I4/mmm', 'Tetragonal']",True,0.0,True,6.990784645080566,1.2329810857772827,YB6,0.3809523809523809,-0.0001323135511483
mp-568912,Be12Nb,"['I4/mmm', 'Tetragonal']",True,0.0,True,1.564811110496521,0.7559865117073059,Be17Nb2,0.0566801619433198,-0.0001386307994835
mp-752668,Li2Mn3O6,"['Cc', 'Monoclinic']",False,0.0687629431818122,False,32.99638366699219,1.377599835395813,O7,0.9090909090909092,-0.0001565095444675
mp-851357,Fe2S,"['Cm', 'Monoclinic']",False,0.327644877380953,False,24.94676971435547,9.300141334533691,Fe2S2,0.3333333333333333,-0.0001588933519087
mp-1094130,LiNO3,"['R-3m', 'Trigonal']",False,2.160649706,True,9.038217544555664,1.810973048210144,O2,0.8,-0.0001623498683329
mp-1200868,La4P9Rh8,"['Cmcm', 'Orthorhombic']",True,0.0,True,2.1354010105133057,1.0699692964553833,LaRhP,0.2857142857142857,-0.0001886905083665
mp-1004526,WS,"['P6_3mc', 'Hexagonal']",False,0.4312107525000037,False,4.699164867401123,0.5027661919593811,WS2,0.3333333333333333,-0.0001902399235405
mp-771777,Li4Mn3O8,"['R-3m', 'Trigonal']",False,0.0385434173333303,False,36.100616455078125,4.435063362121582,O7,0.9333333333333332,-0.0002078793913824
mp-1099683,Na2Cr2O5,"['Ima2', 'Orthorhombic']",False,0.187158210185184,False,31.97811508178711,0.335789680480957,CrO2,0.4444444444444443,-0.0002442300028633
mp-770866,LiMn5O8,"['P4_332', 'Cubic']",False,0.038091442142857,False,45.917457580566406,1.7612073421478271,O7,0.8571428571428572,-0.0002495931112207
mp-1191960,Zr2Pt,"['Fd-3m', 'Cubic']",False,0.0177620566666654,True,3.4622063636779785,0.317575991153717,Zr5Pt3,0.0833333333333333,-0.0002518575056456
mp-757975,LiMn2O4,"['C2/c', 'Monoclinic']",False,0.04951280357142,False,35.74549865722656,2.3095974922180176,O7,0.8571428571428572,-0.0002522150462027
mp-1221697,Mn3Si,"['P4/mmm', 'Tetragonal']",False,0.1063708074999993,False,17.11526870727539,8.17455005645752,Mn2,0.5,-0.0002613918040879
mp-768808,Li4AlCr3O8,"['P-1', 'Triclinic']",False,0.0130323864062429,False,23.14364051818848,0.9531384706497192,CrO2,0.625,-0.0002787916746456
mp-1185814,Mg5Hg,"['P-62m', 'Hexagonal']",False,0.0398184432191781,False,3.350602865219116,1.847678303718567,HgMg3,0.1666666666666667,-0.0002801025984808
mp-768309,Ce2TiO5,"['Pnma', 'Orthorhombic']",True,0.0,False,12.598825454711914,2.116358757019043,CeO2,0.2499999999999999,-0.000306201778585
mp-1080026,Ce(SnPd)2,"['P4/nmm', 'Tetragonal']",True,0.0,True,3.011789083480835,1.1174722909927368,Pd3Sn2,0.3999999999999999,-0.0003094194398727
mp-1228895,AlGaSb2,"['R3m', 'Trigonal']",False,0.0120063450000005,False,4.156493186950684,0.8393881320953369,AlSb,0.5,-0.0003370670601725
mp-10188,Fe3S4,"['R3m', 'Trigonal']",False,0.3715416264285682,True,24.33803367614746,9.48563289642334,Fe2S2,0.1428571428571428,-0.0003667397249955
mp-771325,Dy2Cu2O5,"['Pna2_1', 'Orthorhombic']",False,0.0463286288888884,False,52.40498733520508,2.343756675720215,Cu4O8,0.4444444444444443,-0.0003794903750531
mp-1220810,Nb10(SnGe)3,"['Fmm2', 'Orthorhombic']",False,0.0040763971875001,False,2.6061291694641118,0.5738143920898438,GeNb2,0.3749999999999999,-0.0003825886233244
mp-1213556,ErGa6,"['P4/mmm', 'Tetragonal']",False,1.9013233982142856,False,2.4761433601379395,1.0738890171051023,Ga2,0.2857142857142857,-0.0003883084573317
mp-1080183,La(PRh)2,"['P4/nmm', 'Tetragonal']",True,0.0,True,3.028903722763061,0.907318651676178,LaRhP,0.2666666666666667,-0.0003941474424209
mp-758791,Li5Mn5O12,"['P1', 'Triclinic']",False,0.0729105312878575,False,36.56095123291016,3.393330812454224,O7,0.9090909090909092,-0.0004036803729832
mp-530274,Al23B50,"['P-1', 'Triclinic']",True,0.0,False,14.165250778198242,16.730958938598633,AlB2,0.0365296803652968,-0.0004142856632824
mp-734854,K3VO5,"['Pbca', 'Orthorhombic']",False,0.1429212508796364,True,5.014499187469482,1.4518376588821411,KO3,0.3888888888888888,-0.0004527735873125
mp-1222266,Lu3S4,"['I4/mmm', 'Tetragonal']",True,0.0,False,3.636202812194824,1.672784447669983,LuS,0.1428571428571428,-0.000483038573293
mp-1006321,Ce(CuSb)2,"['P4/nmm', 'Tetragonal']",False,0.1287941780000041,True,0.810036301612854,0.5307895541191101,Cu2Sb,0.5333333333333333,-0.0004891153075732
mp-1102532,NbGeRh,"['Pnma', 'Orthorhombic']",True,0.0,True,1.4649608135223389,1.068986892700195,NbGe2,0.6666666666666666,-0.0005775213940069
mp-1079796,Ti3Pd,"['Pm-3n', 'Cubic']",True,0.0,False,4.241472244262695,1.121126413345337,Ti,0.5,-0.0005776405450887
mp-1210708,Mo21S8,"['I4/m', 'Tetragonal']",False,0.2770157865517237,False,3.299941062927246,0.7087826132774353,Mo6S6,0.4482758620689655,-0.0006336349761113
mp-1218331,Sr3CaSi8,"['R32', 'Trigonal']",False,0.0169172045833327,False,1.8776272535324097,0.1662303805351257,Sr(Si)2,0.1666666666666666,-0.0006618693005293
mp-1120756,NaVF3,"['Pnma', 'Orthorhombic']",True,0.0,False,23.113788604736328,6.733818531036377,F,0.8,-0.0006746161961928
mp-758700,LiMn2O4,"['P1', 'Triclinic']",False,0.0590889659523732,False,36.88420867919922,2.6291229724884038,O7,0.8571428571428572,-0.0007507366244681
mp-754130,LiMn4O8,"['R-3m', 'Trigonal']",False,0.079008112019232,False,42.95222473144531,3.728233575820923,O7,0.7692307692307692,-0.0007932615117169
mp-1097902,Li3Mn4O8,"['P2_1', 'Monoclinic']",False,0.1003698423333405,False,36.73487091064453,1.876567006111145,O7,0.9333333333333332,-0.0008126770262606
mp-775539,K11Mn4O16,"['I-42m', 'Tetragonal']",True,0.0,False,5.051515102386475,1.1181602478027344,KMnO4,0.3763440860215054,-0.0008395960903726
mp-1224780,Fe3Ni,"['Cmmm', 'Orthorhombic']",False,0.0395973974999996,False,19.55170440673828,4.887052536010742,Fe2,0.5,-0.0008445986895821
mp-1080030,BC7,"['P3m1', 'Trigonal']",False,0.2504529562760407,False,7.66558027267456,4.271694183349609,BC6,0.0357142857142857,-0.0008613928221166
mp-1079661,BC7,"['R3m', 'Trigonal']",False,0.2456618575260414,False,7.637153625488281,4.249405860900879,BC6,0.0357142857142857,-0.0008722314960323
mp-754006,Li4AlCr3O8,"['C2/m', 'Monoclinic']",False,0.0087307117187425,False,21.560565948486328,1.0755895376205444,CrO2,0.625,-0.0009047467028722
mp-1080319,CeSe2,"['C2', 'Monoclinic']",False,2.3853916449999994,False,15.956649780273438,7.783121585845947,Se2,0.6666666666666667,-0.0009065332706086
mp-779008,Li4Mn3O8,"['R32', 'Trigonal']",False,0.0264942993333292,False,34.16789627075195,2.894414186477661,O7,0.9333333333333332,-0.0009500042651779
mp-1003313,Li2Mn3O6,"['C2/m', 'Monoclinic']",False,0.0441862390909024,False,32.1248893737793,1.7027636766433716,O7,0.9090909090909092,-0.0009575072908774
mp-1363,Na2Au,"['I4/mcm', 'Tetragonal']",True,0.0,True,4.57156229019165,2.8395066261291504,Na,0.6666666666666667,-0.0010324153117835
mp-1021328,H4C,"['I-43m', 'Cubic']",True,0.0,False,50.96551513671875,5.891541481018066,H2,0.3999999999999999,-0.0010856455191969
mp-1185885,MgHg5,"['P-6m2', 'Hexagonal']",False,0.0561494549999999,False,68.51325225830078,16.278209686279297,Hg3Mg,0.1666666666666667,-0.0010949337156489
mp-1191226,CeSn3Pd2,"['Pbcm', 'Orthorhombic']",True,0.0,True,2.015967607498169,0.7961776256561279,PdSn2,0.3333333333333332,-0.0011555430246517
mp-13341,YB4Rh,"['Pbam', 'Orthorhombic']",True,0.0,True,3.98022198677063,1.3284202814102173,YB6,0.3809523809523809,-0.0011778092011809
mp-755500,Li4AlCr3O8,"['P-1', 'Triclinic']",False,0.0065773848437427,False,20.805076599121094,1.3032455444335938,CrO2,0.625,-0.0011779281776398
mp-1016120,KMnO2,"['Pnma', 'Orthorhombic']",False,0.0573122397916678,False,18.21260452270508,0.8231248259544373,KMnO4,0.3333333333333333,-0.0012012654915452
mp-1334,Y2C,"['R-3m', 'Trigonal']",True,0.0,True,10.068622589111328,1.516619086265564,Y2C2,0.3333333333333333,-0.001248771790415
mp-17593,Ta5Ge3,"['I4/mcm', 'Tetragonal']",True,0.0,True,2.912541627883911,0.7968580722808838,GeTa3,0.25,-0.0012531769461929
mp-540914,K3MnO3,"['P2_1/c', 'Monoclinic']",True,0.0,True,9.73055648803711,2.7803776264190674,KMnO4,0.5238095238095237,-0.0013104431563988
mp-9420,Dy(CuO2)2,"['I4_1/a', 'Tetragonal']",True,0.0,False,82.49762725830078,12.733774185180664,Cu4O8,0.2857142857142857,-0.001341872732155
mp-11494,LuPb3,"['Pm-3m', 'Cubic']",False,0.0226274600000007,True,3.797348737716675,1.2948068380355835,Pb,0.5,-0.0014084191061556
mp-1106056,Ba(Sb3Os)4,"['Im-3', 'Cubic']",False,0.0092153852941185,True,3.241060733795166,1.0546694993972778,Sb14,0.588235294117647,-0.0014382981462404
mp-17532,Y3(Si3Os)4,"['Cmce', 'Orthorhombic']",False,0.0160693995263132,True,3.8753066062927246,1.1791912317276,Y4Os4Si13,0.0651629072681703,-0.001554234419018
mp-19052,K3VO4,"['I-42m', 'Tetragonal']",False,0.0215336784375006,True,5.811104774475098,0.8940984010696411,KO3,0.5,-0.0015593523858115
mp-1191191,La3Fe2S7,"['P6_3', 'Hexagonal']",False,0.1140408020833385,True,11.028891563415527,1.291053056716919,La3S4,0.3571428571428572,-0.0015807764139026
mp-21014,DySnPd2,"['Fm-3m', 'Cubic']",True,0.0,True,2.7589755058288574,0.2425992488861084,Pd2Sn,0.4999999999999999,-0.0016395710408687
mp-685370,Y2Ti2O7,"['C2/m', 'Monoclinic']",False,0.0411993493182034,False,1.1026126146316528,0.7885823845863342,YTiO3,0.0727272727272727,-0.0016744415042921
mp-1226890,Ce4H11,"['I4/mmm', 'Tetragonal']",True,0.0,False,331.8370361328125,21.65345001220703,CeH9,0.3333333333333333,-0.0017522709676995
mp-16305,ScPRu,"['P-62m', 'Hexagonal']",True,0.0,True,9.864837646484377,0.5378364324569702,Ru2Sc,0.6666666666666666,-0.001762504922226
mp-973295,Mg5Hg,"['R32', 'Trigonal']",False,0.0331526482191781,False,3.6297767162323,1.8553553819656368,HgMg3,0.1666666666666667,-0.0017870184965431
mp-24034,K3AlH6,"['P2_1/c', 'Monoclinic']",True,0.0,False,20.751192092895508,1.5584875345230105,KH,0.4,-0.0018227167893201
mp-3779,CrSiTe3,"['R-3', 'Trigonal']",True,0.0,True,5.339617729187012,1.0032111406326294,Te,0.8,-0.0019088634289801
mp-850411,Fe7S8,"['P2_1', 'Monoclinic']",False,0.1629819213333361,False,19.862876892089844,7.036933898925781,Fe2S2,0.0666666666666666,-0.0019139796495437
mp-758752,Li5Mn5O12,"['P1', 'Triclinic']",False,0.0847135126514935,False,32.051292419433594,2.357325315475464,O7,0.9090909090909092,-0.0019587157294154
mp-771141,Dy2Cu2O5,"['Pnma', 'Orthorhombic']",False,0.0375449638888873,False,38.36543273925781,1.582757592201233,Cu4O8,0.4444444444444443,-0.0019663299899548
mp-1194108,Zr4Rh2N,"['Fd-3m', 'Cubic']",True,0.0,True,10.90499782562256,1.185548186302185,Zr2Rh,0.2857142857142857,-0.0019892919808626
mp-780186,Li9Mn10O20,"['P1', 'Triclinic']",False,0.0446457362820513,False,30.066280364990234,1.053423285484314,O7,0.9743589743589745,-0.0020001183729618
mp-10051,TeAs,"['Fm-3m', 'Cubic']",False,0.0908134558333326,True,7.758493900299072,1.4611668586730957,As2Te3,0.1999999999999999,-0.0020493713673204
mp-22266,GdB6,"['Pm-3m', 'Cubic']",True,0.0,True,2.2193634510040283,0.680924654006958,B3,0.2857142857142857,-0.002148583298549
mp-1184695,Ho3Er,"['I4/mmm', 'Tetragonal']",False,0.0271908425000004,False,6.150552272796631,2.982210159301758,Ho,0.5,-0.002174039138481
mp-1003314,KMn2O4,"['P-1', 'Triclinic']",True,0.0,False,43.80246353149414,4.405812740325928,KMnO4,0.238095238095238,-0.0022072256542742
mp-1184575,Ho3Er,"['Pm-3m', 'Cubic']",False,0.0288669575,False,6.227014064788818,2.94318962097168,Ho,0.5,-0.0022273273207247
mp-755675,Li4AlCr3O8,"['C2/m', 'Monoclinic']",False,0.0080577557812429,False,21.0699405670166,1.322244644165039,CrO2,0.625,-0.0026157232932746
mp-1831,SrAu5,"['P6/mmm', 'Hexagonal']",True,0.0,True,2.901787281036377,1.200958013534546,Au,0.3333333333333332,-0.0026345090009272
mp-764759,Li6Mn5O12,"['C2', 'Monoclinic']",False,0.0458402065217455,False,29.15680885314941,1.6907950639724731,O7,0.9565217391304348,-0.0026433072052896
mp-770534,Li2Mn3O7,"['P-1', 'Triclinic']",False,0.0112958130208413,False,33.969730377197266,3.464569091796875,O7,0.8333333333333333,-0.0029021073132753
mp-1215178,ZrTiB4,"['P6/mmm', 'Hexagonal']",False,0.0183856099999992,False,1.7449339628219604,1.868639349937439,TiB2,0.3333333333333333,-0.0029756813310086
mp-15862,GaMo4CS8,"['F-43m', 'Cubic']",False,0.485283759024087,True,11.406954765319824,1.0188682079315186,Mo6S8,0.2857142857142857,-0.0030353448819369
mp-32727,Y3Se4,"['C2/m', 'Monoclinic']",False,0.0132934746428583,False,3.516598463058472,0.4126514196395874,SeY,0.1428571428571428,-0.0032383166253566
mp-9605,Hf3Si3Ni2,"['Cmcm', 'Orthorhombic']",True,0.0,True,0.2511451244354248,0.666034460067749,Hf2Ni,0.75,-0.0032694479450583
mp-1002574,KMnO2,"['Pnnm', 'Orthorhombic']",False,0.0936026454166674,False,11.216100692749023,1.986080527305603,KMnO4,0.3333333333333333,-0.0032886965200304
mp-1207779,Y4Ir,"['Fd-3m', 'Cubic']",False,0.5724198371666676,False,3.0861737728118896,1.6186829805374146,Y,0.3999999999999999,-0.0033236285671591
mp-637,YB4,"['P4/mbm', 'Tetragonal']",True,0.0,True,5.690971851348877,0.9091172218322754,YB6,0.1142857142857142,-0.0034031115937978
mp-10497,SrC2,"['C2/c', 'Monoclinic']",False,0.0528778962962963,True,8.28986930847168,2.1516988277435303,SrC6,0.3809523809523809,-0.0034891222603619
mp-1105821,Y2Se3,"['Fddd', 'Orthorhombic']",True,0.0,True,3.981369733810425,0.5152139663696289,SeY,0.1999999999999999,-0.0035418653860688
mp-1008376,CeH3,"['Fm-3m', 'Cubic']",True,0.0,True,335.9330139160156,22.3531436920166,CeH9,0.3,-0.0036174117121845
mp-2647015,Ba(BH4)2,"['Pbcn', 'Orthorhombic']",True,0.0,False,100.279541015625,2.180365085601806,B2H6,0.1818181818181818,-0.003699722001329
mp-1183586,CaInPd2,"['Fm-3m', 'Cubic']",True,0.0,False,0.7390999794006348,0.6082285046577454,CaPd3,0.5,-0.0037374899256974
mp-1214035,Ce(Cu2P)2,"['Pnnm', 'Orthorhombic']",True,0.0,False,2.477139472961426,0.7409647703170776,CeCu6,0.5714285714285714,-0.0037775128148496
mp-1198712,Y5Ir3,"['P4/ncc', 'Tetragonal']",True,0.0,True,2.377662420272827,0.7532394528388977,Ir2Y3,0.05,-0.0037816693075001
mp-653995,As4Pb8Cl6O11,"['P2_1/c', 'Monoclinic']",False,0.0421049403017148,True,13.00578784942627,0.872895359992981,ClO4,0.8413793103448276,-0.0038239466957747
mp-770545,LiAlCrO4,"['Pnma', 'Orthorhombic']",False,0.0887431675036065,False,34.873390197753906,2.523579359054565,CrO2,0.5714285714285714,-0.0039709536358714
mp-1182022,BiSe,"['P2_1/c', 'Monoclinic']",False,0.1265578583333333,False,2.554882049560547,1.0353151559829712,Bi2Se3,0.1999999999999999,-0.003991019912064
mp-753112,LiMn3O6,"['Cc', 'Monoclinic']",False,0.0496499883749965,False,33.300689697265625,1.4136821031570437,O7,0.8,-0.0040442119352519
mp-28893,ReB,"['I4_1/amd', 'Tetragonal']",False,0.3508577327499953,True,4.429366588592529,0.5266721844673157,Re2B,0.3333333333333333,-0.0040687881410121
mp-973615,LuSb3,"['P6_3/mmc', 'Hexagonal']",False,0.1093746212500006,False,2.4364218711853027,0.8223277926445007,Sb,0.5,-0.0041928482241928
mp-675075,Li7Mn10O20,"['P1', 'Triclinic']",False,0.5069377413513587,False,34.85854721069336,1.645752191543579,O7,0.9189189189189187,-0.0042389067821204
mp-1095187,Nb2O3,"['C2/m', 'Monoclinic']",False,0.0810687998333339,False,4.761028289794922,0.8101435899734497,NbO2,0.1333333333333333,-0.0042742802761495
mp-25544,KMnO2,"['C2/m', 'Monoclinic']",False,0.241560916041668,False,11.985660552978516,1.1295669078826904,KMnO4,0.3333333333333333,-0.0043862089514732
mp-972848,SiC3,"['I4/mmm', 'Tetragonal']",False,2.2886085565,False,8.236451148986816,5.875419616699219,C3,0.5,-0.0044181356206536
mp-1207701,Y2NiB10,"['Pbam', 'Orthorhombic']",True,0.0,False,9.414783477783203,0.8397517204284668,YB6,0.1758241758241757,-0.0044326148927211
mp-1213509,Cu(BrO6)2,"['Pa-3', 'Cubic']",False,0.5968279974999993,False,8.821971893310547,1.7331634759902954,Cu2O8,0.2666666666666667,-0.0047475472092628
mp-1207778,Y4Rh,"['Fd-3m', 'Cubic']",False,0.504564151166667,False,7.634825706481934,7.817254066467285,RhY3,0.1,-0.0048037832602858
mp-1099837,K2V2O5,"['Ima2', 'Orthorhombic']",False,0.1660705778472371,False,4.931797504425049,1.3608121871948242,V2O5,0.4444444444444444,-0.0048234770074486
mp-31119,TbScO3,"['Pnma', 'Orthorhombic']",False,0.0184044507500011,True,18.05233383178711,0.9161908030509948,O7,0.8,-0.0048534916713833
mp-1209865,NbSeBr,"['F-43m', 'Cubic']",False,0.000939582291668,False,3.974907875061035,0.6383762359619141,Nb3Se4,0.6666666666666666,-0.0048738960176706
mp-1989,Ta5Si3,"['I4/mcm', 'Tetragonal']",True,0.0,True,2.401029586791992,0.4341570734977722,SiTa,0.25,-0.0049030785448849
mp-1019238,Pd2N,"['P4/mmm', 'Tetragonal']",False,0.437788583333333,False,1.578202247619629,1.725286602973938,Pd,0.6666666666666667,-0.0052931639365851
mp-1220003,PPd4,"['Pm', 'Monoclinic']",False,0.0163244129999995,False,1.4473741054534912,0.4062252640724182,PPd3,0.1,-0.0054010660387575
mp-530018,Ta27S50,"['P1', 'Triclinic']",True,0.0,False,2.358966827392578,0.5879042744636536,TaS2,0.0346320346320346,-0.0054141082800924
mp-21688,Fe7S8,"['P3_1', 'Trigonal']",False,0.1656815570000036,True,19.797590255737305,5.14985466003418,Fe2S2,0.0666666666666666,-0.0054816883057355
mp-757628,Li4Mn5O10,"['P-1', 'Triclinic']",False,0.0573924205263027,False,29.71110343933105,1.258229374885559,O7,0.9473684210526316,-0.0055242497473955
mp-21358,Ce(SnIr)2,"['P4/nmm', 'Tetragonal']",False,0.0838694626666658,True,3.314181327819824,0.530236005783081,IrSn2,0.5333333333333333,-0.0056229992769658
mp-20520,U3Te4,"['I-43d', 'Cubic']",False,0.0361517123809509,True,3.143698215484619,2.2188520431518555,UTe2,0.1904761904761904,-0.0057049072347581
mp-1184508,GdSnPd2,"['Fm-3m', 'Cubic']",True,0.0,False,2.7857255935668945,0.18231862783432,Pd2Sn,0.4999999999999999,-0.0059196627698838
mp-571003,NaC64,"['P6_3/mmc', 'Hexagonal']",False,0.0138449271299752,True,9.051162719726562,5.469255447387695,C70,0.0307692307692307,-0.0060705090872943
mp-1663521,LiAlCrO4,"['P2_12_12_1', 'Orthorhombic']",False,0.0828895064321777,False,35.38219451904297,2.266038179397583,CrO2,0.5714285714285714,-0.0062913461588323
mp-1409276,YTi2O4,"['I4_1/a', 'Tetragonal']",False,0.2014582566071467,False,3.530511379241944,1.270410180091858,YTiO3,0.1714285714285714,-0.0063238041475415
mp-1183850,CeBi3,"['I4/mmm', 'Tetragonal']",True,0.0,False,11.167059898376465,3.0614054203033447,CeBi2,0.1666666666666666,-0.0065676788799464
mp-10116,UB2Ir3,"['P6/mmm', 'Hexagonal']",True,0.0,True,3.881885051727295,0.958154559135437,UIr,0.6666666666666667,-0.0068132705055177
mp-1003315,LiMn4O8,"['P2_1/c', 'Monoclinic']",False,0.0273089422115395,False,49.94667816162109,4.275161743164063,O7,0.7692307692307692,-0.0069315447472035
mp-1103369,CuWO4,"['P2/c', 'Monoclinic']",False,0.0889004743749968,True,83.87189483642578,1.8060972690582275,Cu4O8,0.3333333333333333,-0.0069899074733257
mp-1097905,Li3Mn4O8,"['P1', 'Triclinic']",False,0.1169958978333411,False,35.11981964111328,1.8824855089187624,O7,0.9333333333333332,-0.0070947855710983
mp-1080111,B3Mo,"['R-3m', 'Trigonal']",False,0.0083846927083328,False,11.123883247375488,8.541851043701172,B5Mo2,0.0714285714285714,-0.0070950221270322
mp-762514,LiMn3O6,"['P1', 'Triclinic']",False,0.0478187501249962,False,39.74845123291016,3.5350821018218994,O7,0.8,-0.0072765802033245
mp-1177463,Li4Mn9O18,"['Pbam', 'Orthorhombic']",False,0.0758847462096756,False,39.98040008544922,2.7323293685913086,O7,0.8387096774193548,-0.0072860475629568
mp-1232375,HfBC,"['P6_3/mmc', 'Hexagonal']",False,0.5470924237499997,False,2.008710622787476,0.8411720991134644,BC2,0.6666666666666666,-0.0078736888244748
mp-1068510,In2Te3,"['R-3m', 'Trigonal']",False,0.06727930497778,True,1.896457552909851,0.527489185333252,In3Te4,0.0571428571428571,-0.0080183278769254
mp-761076,Na2CrO4,"['R-3', 'Trigonal']",False,0.0190073435714284,False,16.856281280517578,2.090888738632202,CrO2,0.5714285714285714,-0.0082781054079532
mp-1016190,KMn3O6,"['C2/c', 'Monoclinic']",True,0.0,False,34.45790481567383,3.9399139881134033,KMnO4,0.2666666666666666,-0.0083549497649073
mp-755065,Ce2Ti2O7,"['Fd-3m', 'Cubic']",False,0.0218329065909088,False,3.75678300857544,1.1056820154190063,CeO2,0.3636363636363636,-0.0087703978642821
mp-770341,Li4AlCr3O8,"['R-3m', 'Trigonal']",False,0.0092951645312426,False,21.031455993652344,1.3653103113174438,CrO2,0.625,-0.0089296763762831
mp-1208426,TmGa6,"['P4/mmm', 'Tetragonal']",False,1.899621118928572,False,2.110814094543457,0.8157709240913391,Ga2,0.2857142857142857,-0.0089300302788615
mp-1076642,NaCrO3,"['Pm-3m', 'Cubic']",False,0.2964467783333298,False,31.775712966918945,2.041977882385254,CrO2,0.3999999999999999,-0.0095191868022084
mp-1220441,Nb4Rh,"['Fmmm', 'Orthorhombic']",False,0.0801166279999989,False,4.532434463500977,1.4659641981124878,Nb3Rh,0.1,-0.0095209581777453
mp-10735,Zr2O,"['Pn-3m', 'Cubic']",False,0.2272905169999965,True,2.8612170219421387,2.830387592315674,Zr,0.6666666666666667,-0.009990450926125
mp-2805,LuAl3,"['Pm-3m', 'Cubic']",True,0.0,True,1.294941782951355,1.018314242362976,Al,0.5,-0.0100207822397351
mp-571495,LuB4,"['P4/mbm', 'Tetragonal']",True,0.0,True,2.2276554107666016,0.875560998916626,LuB12,0.2461538461538461,-0.0105458367615938
mp-1094439,MgZn2,"['Cmcm', 'Orthorhombic']",False,0.0732788216666668,False,1.6612842082977295,1.2110201120376587,Mg2Zn3,0.1333333333333333,-0.0106928022578358
mp-1069815,In3Pt2,"['P-3m1', 'Trigonal']",False,0.0048468939999999,True,1.0858502388000488,0.4293466806411743,In,0.8,-0.0111889764666557
mp-1211757,K4MnO4,"['P-1', 'Triclinic']",True,0.0,False,8.659612655639648,1.4627379179000854,KMnO4,0.5555555555555556,-0.01132158562541
mp-758802,Li3Mn3O8,"['C2', 'Monoclinic']",False,0.0690039548095224,False,35.21985626220703,3.69542932510376,O7,0.8571428571428572,-0.0113615421578288
mp-23713,CaH2,"['Pnma', 'Orthorhombic']",True,0.0,True,94.8945541381836,5.7527265548706055,CaH6,0.3809523809523809,-0.0113747427240014
mp-191,YRh,"['Pm-3m', 'Cubic']",True,0.0,True,3.159823417663574,1.0034828186035156,Rh2Y3,0.1999999999999999,-0.0114249503239989
mp-1228661,B2MoRu,"['Pmc2_1', 'Orthorhombic']",False,0.090129461666665,False,6.4763007164001465,1.0544589757919312,Mo2RuB2,0.3,-0.0115004926919937
mp-1217906,TaOs3,"['P-6m2', 'Hexagonal']",False,0.1667137600000003,False,3.2767391204833984,0.9612014293670654,TaOs,0.5,-0.0115694301202893
mp-1077883,In2Rh3S2,"['R-3m', 'Trigonal']",True,0.0,True,4.829921722412109,1.0430814027786257,Rh9In4S4,0.2016806722689075,-0.0119466762989759
mp-1076633,KVO3,"['Pm-3m', 'Cubic']",False,0.2169112905000005,False,4.945192813873291,2.776538848876953,KO3,0.4,-0.0127866631373763
mp-1222934,LaGePd,"['C2/m', 'Monoclinic']",False,0.0106210281666676,False,3.1354923248291016,0.4520436525344848,La3Pd4Ge4,0.1212121212121212,-0.0129674253985285
mp-758315,Li4Mn7O12,"['P1', 'Triclinic']",False,0.0552246752173948,False,30.51616668701172,1.270440936088562,O7,0.9565217391304348,-0.0132295675575733
mp-19746,NbPbS2,"['P6_3/mmc', 'Hexagonal']",True,0.0,True,6.9895100593566895,0.8875905871391296,PbNbS3,0.1999999999999999,-0.0134155433624982
mp-27894,La2Re3B7,"['Pcca', 'Orthorhombic']",True,0.0,True,3.376188278198242,0.7625799179077148,B2Re,0.3333333333333332,-0.0136084230616688
mp-1216091,Y2Ga3Ni,"['P3m1', 'Trigonal']",False,0.0253669300000005,False,1.8881181478500368,0.407171368598938,Ga2Y,0.3333333333333332,-0.0137610537931323
mp-1223308,La2NiSn4,"['Amm2', 'Orthorhombic']",False,0.0094783294047546,False,1.4341310262680054,0.8089056015014648,LaSn2,0.2857142857142857,-0.0137786902487277
mp-1106361,La(ReB)4,"['P4_2/nmc', 'Tetragonal']",False,0.2126874509259266,True,3.2657432556152344,0.6447582840919495,Re2B,0.4444444444444444,-0.014306123368442
mp-2630,SrC2,"['I4/mmm', 'Tetragonal']",False,0.0615390362962955,True,8.461858749389648,1.932479739189148,SrC6,0.3809523809523809,-0.0144312707707285
mp-2006,V3Ir,"['Pm-3n', 'Cubic']",True,0.0,True,1.85707688331604,0.8185112476348877,IrV2,0.1666666666666666,-0.01457214448601
mp-753084,Li3Mn5O10,"['P-1', 'Triclinic']",False,0.057954078888903,False,30.958789825439453,1.5536359548568726,O7,0.8888888888888888,-0.0146183148026466
mp-530081,Mo15N16,"['Cc', 'Monoclinic']",True,0.0,False,5.921535491943359,1.609135985374451,MoN,0.032258064516129,-0.0147492960095405
mp-12775,ThRu,"['Cmcm', 'Orthorhombic']",True,0.0,True,0.056392565369606,0.5899085998535156,ThRu2,0.3333333333333333,-0.0148493703454732
mp-9983,Ta2Se3,"['P2_1/m', 'Monoclinic']",False,0.0124983139999992,True,2.5291965007781982,0.3440617620944977,TaSe2,0.1333333333333333,-0.0150015763938426
mp-13918,Sr(GeAu)2,"['I4/mmm', 'Tetragonal']",True,0.0,True,6.175102233886719,0.9746477603912354,AuGe,0.3999999999999999,-0.0151860490441322
mp-14686,Y5(Si7Os2)2,"['P2_1/c', 'Monoclinic']",True,0.0,True,4.201385974884033,0.9436135292053224,Y5Os4Si15,0.0326086956521738,-0.0154438540339469
mp-558666,KVOF4,"['P2_1/c', 'Monoclinic']",True,0.0,True,23.778076171875,2.316761016845703,F,0.857142857142857,-0.0154857588931918
mp-769010,Li6Bi5O14,"['Cmc2_1', 'Orthorhombic']",False,0.0839741578249997,False,13.428479194641112,1.313851237297058,BiBiO3,0.4799999999999999,-0.015799693763256
mp-12071,Ti3As,"['Pm-3n', 'Cubic']",False,0.164787655625,False,3.969094753265381,0.4052683711051941,Ti,0.5,-0.0158828850835561
mp-19280,NaCr3O8,"['C2/m', 'Monoclinic']",True,0.0,True,16.104164123535156,0.2513015866279602,CrO2,0.1666666666666666,-0.0164398159831762
mp-1430160,FeS2,"['R-3m', 'Trigonal']",False,0.2046814383333339,False,18.68848419189453,5.67910099029541,FeS,0.3333333333333333,-0.0166813544929027
mp-705563,Co29O40,"['P1', 'Triclinic']",False,0.0900217804347818,False,35.00965881347656,0.2761322855949402,Co3O4,0.0165631469979296,-0.017226593568921
mp-1177474,Li3VAs2O9,"['Pna2_1', 'Orthorhombic']",False,0.0525530161666649,False,25.136327743530277,3.1893467903137207,LiV2O4,0.4380952380952381,-0.0172543637454509
mp-1208852,Sn4Rh,"['P3_121', 'Trigonal']",False,0.0028120035000052,False,1.3854206800460815,1.0892328023910522,RhSn2,0.2666666666666667,-0.0173282939940691
mp-756538,Li3Mn3O8,"['P6_3mc', 'Hexagonal']",False,0.0766758480238083,False,34.01280212402344,3.855418920516968,O7,0.8571428571428572,-0.0174172166734933
mp-1001785,MoP,"['Fm-3m', 'Cubic']",False,0.6742935750000001,False,6.957705974578857,0.9777363538742064,Mo4P3,0.1428571428571428,-0.0178969521075487
mp-22236,In3Co,"['P4_2/mnm', 'Tetragonal']",True,0.0,True,3.9264283180236816,-0.0649673864245414,CoCoIn5,0.0714285714285714,-0.018228743225336
mp-1197923,C61O2,"['P2_1/c', 'Monoclinic']",False,0.3669108552380944,True,8.348726272583008,4.795452117919922,C70,0.0634920634920634,-0.0187349990010261
mp-1021659,K2CuO2,"['I4/mmm', 'Tetragonal']",False,0.7916652921666656,False,20.277263641357425,0.9718504548072816,KO3,0.7,-0.019056336954236
mp-20296,In2Co,"['Fddd', 'Orthorhombic']",False,0.044369921944444,True,6.6066765785217285,0.004449073690921,CoCoIn5,0.0952380952380952,-0.0193931218236684
mp-1188268,K3(CuO2)2,"['Cmcm', 'Orthorhombic']",True,0.0,True,17.116981506347656,4.035975933074951,KO3,0.6111111111111112,-0.0202837716788053
mp-21172,PuPb3,"['Pm-3m', 'Cubic']",True,0.0,True,3.623495578765869,1.0128871202468872,Pb,0.5,-0.0208716485649347
mp-1222013,MgAl2,"['P-3m1', 'Trigonal']",False,0.0658194083333332,False,1.263532280921936,0.6331062912940979,Al3Mg2,0.1333333333333333,-0.0212257951498031
mp-1147730,H4Pt,"['Im-3m', 'Cubic']",False,0.3403412246666679,False,14.504362106323242,2.6952884197235107,H9H7,0.3999999999999999,-0.021951675415039
mp-1003437,KMn2O4,"['P2/c', 'Monoclinic']",False,0.0178805905357144,False,47.24673461914063,4.785922050476074,KMnO4,0.238095238095238,-0.0220364555716514
mp-12104,NbSi2,"['P6_422', 'Hexagonal']",True,0.0,False,4.384772300720215,1.9001156091690063,NbSi,0.3333333333333333,-0.0228156968951225
mp-2478,NbSi2,"['P6_222', 'Hexagonal']",False,3.526666666253675e-06,True,4.396509170532227,1.9045835733413696,NbSi,0.3333333333333333,-0.023424794897437
mp-1189186,Ta2B2Os,"['P4/mnc', 'Tetragonal']",False,0.0034038705000014,True,2.223292589187622,0.6144096851348877,BTa,0.3999999999999999,-0.0236321687698364
mp-1225858,Fe11S12,"['Cc', 'Monoclinic']",False,0.1704647865217365,False,20.58002471923828,5.655706405639648,Fe2S2,0.0434782608695651,-0.0243134908378124
mp-975634,Pr2Ge5Rh3,"['Ibam', 'Orthorhombic']",True,0.0,True,3.178061008453369,0.85250324010849,RhGe,0.4,-0.0244533289223909
mp-27793,Nb2Se,"['C2/m', 'Monoclinic']",True,0.0,True,2.3011717796325684,0.8529541492462158,Nb5Se4,0.2222222222222221,-0.0262758303433656
mp-995202,HC6,"['P-1', 'Triclinic']",False,0.0857463320535707,False,14.98350715637207,3.5025460720062256,C9,0.2857142857142857,-0.0263717398047447
mp-756162,Cu2W2O7,"['P-1', 'Triclinic']",False,0.10095759340909,False,62.07552719116211,2.719001054763794,Cu4O8,0.3636363636363636,-0.0269982870668172
mp-22812,In2Ir,"['Fddd', 'Orthorhombic']",True,0.0,True,3.0418198108673096,0.2279625385999679,In,0.6666666666666667,-0.0274722892791032
mp-1215999,YB4Rh7,"['Pmmm', 'Orthorhombic']",False,0.1852653939583346,False,3.5978965759277344,1.116014838218689,YRh3B,0.2666666666666666,-0.0274971071630716
mp-1094463,MgZn2,"['P-62m', 'Hexagonal']",False,0.1142054649999999,False,1.3456555604934692,1.0518642663955688,Mg2Zn3,0.1333333333333333,-0.0277053788304328
mp-1094483,MgZn2,"['Cmcm', 'Orthorhombic']",False,0.0657318266666666,False,1.986132025718689,1.2516039609909058,Mg2Zn3,0.1333333333333333,-0.0280979145318269
mp-1227504,Bi2Se2S,"['Pnma', 'Orthorhombic']",False,0.023323866333337,False,3.804700136184693,1.0853124856948853,Bi2Se3,0.3999999999999999,-0.0313178189098835
mp-945077,YTe3,"['Cmcm', 'Orthorhombic']",True,0.0,True,2.234916925430298,0.6343777179718018,TeY,0.5,-0.0322603620588779
mp-1235382,Li(SiO2)6,"['P1', 'Triclinic']",False,0.152430385263151,False,12.201849937438965,0.7610560655593872,SiO2,0.1052631578947368,-0.0329552106559276
mp-11275,Be2Re,"['P6_3/mmc', 'Hexagonal']",True,0.0,True,2.2929065227508545,0.4985024333000183,Be22Re,0.5797101449275363,-0.0336299799382686
mp-1094448,Mg2Zn,"['P-62m', 'Hexagonal']",False,0.0844453021098807,False,0.789398729801178,1.152672529220581,Mg7Zn3,0.0666666666666666,-0.0336945280432701
mp-560394,AsPbClO2,"['P2_12_12_1', 'Orthorhombic']",True,0.0,True,15.834883689880373,1.3317173719406128,OAs,0.7999999999999999,-0.033793069422245
mp-22773,CuWO4,"['P-1', 'Triclinic']",False,0.0739725418749968,True,64.65450286865234,2.0019783973693848,Cu4O8,0.3333333333333333,-0.0352876409888267
mp-1227972,Ce4Cu5Sb8,"['P4mm', 'Tetragonal']",False,0.0217607164705899,False,1.5546802282333374,0.6266950368881226,Cu2Sb,0.7450980392156863,-0.0354337766766548
mp-30683,ZrGa2,"['Cmmm', 'Orthorhombic']",True,0.0,True,1.3768576383590698,0.9999449253082277,Ga3Zr,0.1666666666666666,-0.0360329411923885
mp-1192954,Nb2Pt,"['P4_2/mnm', 'Tetragonal']",False,0.0018067728333335,True,6.382770538330078,0.7912532091140747,Nb5Pt3,0.0833333333333333,-0.0365960076451301
mp-633538,B9C,"['P1', 'Triclinic']",False,0.3686381892083332,False,17.003244400024414,2.5130960941314697,B4C,0.1999999999999999,-0.0389969050884246
mp-1197724,Ce(Al10V)2,"['Fd-3m', 'Cubic']",True,0.0,True,0.98962664604187,0.274743914604187,V2Al20,0.0869565217391304,-0.0395987518131732
mp-1246153,Ti3N2,"['P6_3/mmc', 'Hexagonal']",False,0.1360629810000002,False,6.23952054977417,1.6238374710083008,Ti2N,0.1333333333333333,-0.0401307232677936
mp-28273,K3CuO2,"['P4_12_12', 'Tetragonal']",True,0.0,True,28.04408264160156,3.8887341022491455,KO3,0.8333333333333333,-0.0402213037014007
mp-1105498,Co2Si3,"['P-4c2', 'Tetragonal']",False,0.202750636999994,True,5.0875349044799805,2.552868127822876,CoSi2,0.1333333333333333,-0.0409006886184215
mp-1177164,Li4VAs2O9,"['P4/ncc', 'Tetragonal']",False,0.0439113765624998,False,23.119770050048828,3.331954002380371,LiV2O4,0.4642857142857142,-0.0419189557433128
mp-17999,NaVF4,"['P2_1/c', 'Monoclinic']",True,0.0,True,21.51112365722656,7.712850570678711,F,0.6666666666666666,-0.0436398647725582
mp-1383615,FeS2,"['I-42d', 'Tetragonal']",False,0.3646938600000009,False,13.00899887084961,3.050526857376098,Fe2S2,0.3333333333333333,-0.0438394397497177
mp-12660,LuB6,"['Pm-3m', 'Cubic']",False,0.1030026290178565,True,3.0850396156311035,0.1357162594795227,LuB12,0.1318681318681319,-0.045019295066595
mp-557309,Na3LiWO5,"['P-1', 'Triclinic']",True,0.0,True,18.20633316040039,2.385016202926636,WO3,0.8,-0.0458204671740531
mp-18994,CsMnO4,"['Pnma', 'Orthorhombic']",True,0.0,True,14.774503707885742,3.515636682510376,O7,0.6666666666666667,-0.0461337901651859
mp-1078815,NbSe4,"['P4/mcc', 'Tetragonal']",False,0.0296855140999996,False,4.296081066131592,0.8650245666503906,NbSe3,0.1,-0.0462849512696266
mp-1214397,Bi8Te7,"['P-3m1', 'Trigonal']",False,0.0052301855555558,False,3.745114803314209,0.5991536378860474,Bi4Te3,0.0761904761904762,-0.0463621169328689
mp-8001,LiAlO2,"['R-3m', 'Trigonal']",False,0.0157326956250019,True,21.458717346191406,8.380961418151855,Al2O3,0.5,-0.0466464832425117
mp-1075,SmNi5,"['P6/mmm', 'Hexagonal']",False,1.0108866854166676,True,2.803356647491455,1.841856837272644,Ni4,0.3333333333333332,-0.0468298755586147
mp-1094456,MgZn2,"['C2/m', 'Monoclinic']",False,0.1233983483333334,False,1.5640065670013428,1.3101036548614502,Mg2Zn3,0.1333333333333333,-0.0478018969297409
mp-16791,KC10,"['Im-3', 'Cubic']",False,0.2510590289393946,True,2.520519971847534,1.9141840934753416,KC8,0.0404040404040404,-0.0494275167584419
mp-1216181,Y2(B2Rh3)3,"['P6/mmm', 'Hexagonal']",True,0.0,False,4.317017555236816,1.345952033996582,YRh4B4,0.1830065359477124,-0.0496634840965271
mp-1094460,MgZn2,"['Cmcm', 'Orthorhombic']",False,0.1282862433333331,False,1.5976771116256714,1.264670968055725,Mg2Zn3,0.1333333333333333,-0.0503150597214698
mp-9459,Y4C5,"['Pbam', 'Orthorhombic']",True,0.0,True,12.050573348999023,1.4973691701889038,Y2C3,0.0888888888888888,-0.050803069025278
mp-674422,Li11Mn11O26,"['Cm', 'Monoclinic']",False,0.2497625985069378,False,32.70305633544922,3.3706095218658447,O7,0.9166666666666669,-0.0527147240936756
mp-866205,TmSbPd2,"['Fm-3m', 'Cubic']",False,0.0166816224999992,False,1.1693878173828125,1.004005789756775,PdSb,0.5,-0.0533648803830146
mp-2626,Zr3Rh5,"['Cmcm', 'Orthorhombic']",True,0.0,True,5.966136932373047,2.0650463104248047,RhZr,0.25,-0.0534646697342395
mp-21305,GdNi5,"['P6/mmm', 'Hexagonal']",True,0.0,True,2.718322277069092,1.7271441221237185,Ni4,0.3333333333333332,-0.0540036633610725
mp-1095284,BaGe5,"['Imma', 'Orthorhombic']",False,0.0573065406249995,True,4.821208953857422,1.15421462059021,Ba8Ge46,0.037037037037037,-0.055593304336071
mp-1045347,YTi2O4,"['Imma', 'Orthorhombic']",False,0.2724267601785755,False,2.8607215881347656,0.4754888415336609,YTiO3,0.1714285714285714,-0.057096991688013
mp-1025149,Ti2B,"['I4/mcm', 'Tetragonal']",False,0.1603009763888883,False,3.890876054763794,0.5842596292495728,TiB2,0.6666666666666666,-0.0578992366790771
mp-1227512,Bi4(SeS)3,"['Pmc2_1', 'Orthorhombic']",False,0.0208965095000017,False,3.673472404479981,1.0647317171096802,Bi2S3,0.6,-0.0585221983492374
mp-1062228,CaO2,"['P-3m1', 'Trigonal']",False,0.4943638666666654,True,11.479877471923828,1.3172229528427124,O2,0.6666666666666667,-0.05874490365386
mp-561814,RbB5O8,"['Pbca', 'Orthorhombic']",True,0.0,True,6.334685802459717,1.043470025062561,B2O3,0.1428571428571428,-0.0595043823122978
mp-1045868,Cu5O7,"['Cmcm', 'Orthorhombic']",False,0.1717556668750051,False,85.64213562011719,7.776157379150391,Cu4O8,0.1666666666666666,-0.0611765906214714
mp-972941,NaBi3,"['P6_3/mmc', 'Hexagonal']",False,0.0193972637500001,False,4.764720439910889,0.1826419234275818,NaBi,0.5,-0.0630858838558197
mp-1228691,Al4GaSb5,"['Imm2', 'Orthorhombic']",False,0.0092600690000006,False,3.9629335403442383,0.7175568342208862,AlSb,0.1999999999999999,-0.063204176723957
mp-1194842,Mo12P,"['R3', 'Trigonal']",False,0.5071019357692279,True,6.088162899017334,0.9258323907852172,Mo,0.1538461538461538,-0.0635436475276947
mp-1094492,MgZn2,"['Cm', 'Monoclinic']",False,0.1198869516666665,False,1.9456167221069336,1.5201828479766846,Mg2Zn3,0.1333333333333333,-0.0637981221079826
mp-1221957,MgIn,"['C2/m', 'Monoclinic']",False,0.0003467209999987,False,2.229467868804932,0.2820495367050171,InMg2,0.3333333333333333,-0.0640510767698288
mp-1202343,Cu(BrO4)2,"['Pbca', 'Orthorhombic']",False,0.1772186356818181,True,36.45574188232422,3.499302625656128,Cu2O8,0.3636363636363636,-0.0640902072191238
mp-1183705,Cr3Pt,"['P6_3/mmc', 'Hexagonal']",False,0.0885120745833312,False,1.9220900535583496,1.1950234174728394,Cr5,0.5,-0.0646501034498214
mp-1201667,Y5P12Ru19,"['P-62m', 'Hexagonal']",True,0.0,True,6.703694343566895,0.6894600987434387,RuP,0.3333333333333333,-0.0659292265772819
mp-1094461,MgZn2,"['C2/c', 'Monoclinic']",False,0.08451418,False,1.9485799074172971,1.2123357057571411,Mg2Zn3,0.1333333333333333,-0.0676367506384849
mp-578604,NaCrO2,"['R-3m', 'Trigonal']",True,0.0,True,12.152671813964844,1.9503659009933472,CrO2,0.4999999999999999,-0.0686327293515205
mp-769026,Li2BiO3,"['C2/c', 'Monoclinic']",False,0.0508793152083271,False,13.920462608337402,0.981287717819214,BiBiO3,0.6666666666666666,-0.0687799751758575
mp-1103958,GdIr3,"['R-3m', 'Trigonal']",True,0.0,True,8.100358963012695,0.6446661949157715,Ir2,0.5,-0.0688352808356285
mp-29735,Nb10Ge7,"['P-3m1', 'Trigonal']",False,0.611018389257703,False,2.859215021133423,0.7184803485870361,Nb3Ge2,0.0235294117647058,-0.0689336434006691
mp-560869,K3VO4,"['P2_13', 'Cubic']",True,0.0,True,4.329239845275879,1.0589966773986816,KO3,0.5,-0.0693421438336372
mp-17559,Y2TiO5,"['Pnma', 'Orthorhombic']",True,0.0,True,3.4266481399536133,0.3887805342674255,YTiO3,0.15,-0.0703635364770889
mp-568895,BaSbAu,"['P6_3/mmc', 'Hexagonal']",True,0.0,True,2.591165542602539,0.5020233392715454,AuSb2,0.6666666666666666,-0.072314940392971
mp-17524,GeAs2,"['Pbam', 'Orthorhombic']",True,0.0,True,5.707507610321045,0.8801044821739197,AsGe,0.3333333333333333,-0.0735902860760688
mp-1191973,Ba2FeSe3,"['Pnma', 'Orthorhombic']",False,0.2557163774999971,True,8.787322044372559,4.0451250076293945,BaFe2Se3,0.3333333333333333,-0.073741890490055
mp-1080623,Si2N3,"['Cmc2_1', 'Orthorhombic']",False,0.3558581240000009,True,2.633160352706909,1.162541389465332,Si3N4,0.0571428571428571,-0.0780053809285163
mp-1069,HfSi2,"['Cmcm', 'Orthorhombic']",False,0.0035503733333319,True,9.545450210571287,2.028785228729248,Si5,0.6666666666666667,-0.0782694295048713
mp-1045032,YTi3O6,"['P-1', 'Triclinic']",False,0.241389082874992,False,2.3165624141693115,1.2357960939407349,YTiO3,0.1999999999999999,-0.0785741806030273
mp-1192077,BaC2,"['Pnma', 'Orthorhombic']",False,0.4781725477777785,False,6.591382026672363,2.048666715621948,BaC6,0.3809523809523809,-0.080115370452404
mp-34993,LiAlO2,"['P-4m2', 'Tetragonal']",False,0.0887412010416683,False,15.249970436096191,3.9372246265411377,AlAl2O3,0.5,-0.0818297266960144
mp-769008,Li4Bi3O8,"['P2_1/m', 'Monoclinic']",False,0.0651215192777767,False,13.705876350402832,1.517053723335266,BiBiO3,0.5333333333333333,-0.0819850340485572
mp-1218177,Ta3Os2,"['Cmm2', 'Orthorhombic']",True,0.0,False,3.638624906539917,0.9778565168380736,TaOs,0.1999999999999999,-0.0822294726967811
mp-1105296,SrGe3,"['I4/mmm', 'Tetragonal']",False,0.0893525193749997,True,3.447304964065552,0.7811785936355591,Ge2,0.5,-0.0825319215655326
mp-1009496,OsN,"['F-43m', 'Cubic']",False,0.4918620774999986,False,3.356821060180664,1.144492506980896,OsN2,0.3333333333333333,-0.0832007229328155
mp-1187819,YBi3,"['I4/mmm', 'Tetragonal']",False,0.0715667125000001,False,4.042511463165283,0.9548217058181764,BiY,0.5,-0.0841634720563888
mp-1228655,B4MoRu2,"['Immm', 'Orthorhombic']",False,0.0766911578571427,False,6.113353729248047,1.9222384691238403,RuB2,0.2857142857142857,-0.0861264318227768
mp-769019,Li(BiO2)2,"['P4/ncc', 'Tetragonal']",False,0.0876473563095325,False,13.592872619628906,1.6435884237289429,BiBiO3,0.2857142857142857,-0.086376316845417
mp-985637,Li2Si4O7,"['I4_1cd', 'Tetragonal']",False,0.2976007492307708,False,18.489795684814453,1.1170873641967771,SiO2,0.3076923076923076,-0.0893006101250648
mp-1016095,LiMn2O4,"['Cc', 'Monoclinic']",False,0.0591052728571357,False,36.27534866333008,1.5110538005828855,O7,0.8571428571428572,-0.0897074118256568
mp-14815,TaTe5Pt,"['Cmcm', 'Orthorhombic']",True,0.0,True,3.532315492630005,1.0480374097824097,Pt2Te4,0.380952380952381,-0.0915382504463195
mp-1101673,NaCr2O4,"['Pmmn', 'Orthorhombic']",False,0.0620536704761862,False,20.45734405517578,1.095455765724182,CrO2,0.2857142857142857,-0.0919159799814224
mp-19148,K2Mn2O3,"['P2_1/c', 'Monoclinic']",True,0.0,True,6.7007246017456055,2.427881956100464,KMnO4,0.4761904761904761,-0.0922646448016166
mp-22282,LaIn2,"['Imma', 'Orthorhombic']",True,0.0,True,15.279040336608888,36.97548675537109,LaIn3,0.1666666666666666,-0.0927686840295791
mp-1229080,Ce5Cu19P12,"['Cm', 'Monoclinic']",False,0.0028860594444442,False,2.5553386211395264,0.8750991821289062,CeCuP2,0.5555555555555556,-0.0935697481036186
mp-614006,B2O,"['P-3m1', 'Trigonal']",False,0.9245854276388884,False,16.473608016967773,6.976904392242432,B2O3,0.5333333333333332,-0.0945245176553726
mp-1194759,Ba7Ge39,"['Cmc2_1', 'Orthorhombic']",False,0.0497767823097827,True,4.624594688415527,1.4474514722824097,Ba8Ge46,0.0080515297906602,-0.0947153866291046
mp-557738,Li3BiO4,"['P4_2/mnm', 'Tetragonal']",False,0.0023281581249996,True,13.333287239074709,0.8992496132850647,Bi4O4,0.75,-0.0965610072016716
mp-1227704,Ca3Nb4(O6F)2,"['R-3m', 'Trigonal']",False,0.0372205416666666,False,15.34231948852539,1.071147084236145,Ca2NbO4,0.2857142857142857,-0.0990331023931503
mp-684620,Nb25S48,"['Cm', 'Monoclinic']",True,0.0,False,6.177036762237549,1.1050432920455933,NbS2,0.0182648401826484,-0.1000904291868209
mp-643270,K3ZnH5,"['I4/mcm', 'Tetragonal']",False,0.0002451969444448,True,20.37793731689453,2.739793539047241,KH,0.3333333333333333,-0.1005795449018478
mp-1069882,LaSi3Os,"['I4mm', 'Tetragonal']",True,0.0,True,3.976490020751953,1.0940967798233032,LaSi2,0.3999999999999999,-0.1007076054811477
mp-1177687,Li3Mn7O12,"['P1', 'Triclinic']",False,0.0674504051515141,False,30.782695770263672,1.5782848596572876,O7,0.9090909090909092,-0.1019239053130149
mp-1217358,Te3Au,"['P4/mmm', 'Tetragonal']",True,0.0,False,2.825795888900757,1.1076277494430542,AuTe2,0.1666666666666666,-0.1054800748825073
mp-1217048,Ti8N5,"['P-4m2', 'Tetragonal']",False,0.018339153076921,False,6.546067714691162,1.2676639556884766,Ti2N,0.1025641025641025,-0.1081094816327095
mp-623670,Ce5C2Br9,"['Pnma', 'Orthorhombic']",False,0.0245774002343752,True,6.346504211425781,0.5549067258834839,Br2,0.875,-0.1087999939918518
mp-753228,LiMn3O6,"['C2/m', 'Monoclinic']",False,0.0320706273749964,False,42.070777893066406,3.8607428073883057,O6,0.8,-0.1129826009273529
mp-1221469,Mo4Ir,"['R-3m', 'Trigonal']",False,0.3377652350000026,False,6.128945350646973,1.1866486072540283,IrMo3,0.1,-0.1139455139636993
mp-1094191,MgZn2,"['Amm2', 'Orthorhombic']",False,0.1019156533333331,False,1.8361529111862185,1.3533345460891724,Mg2Zn3,0.1333333333333333,-0.1145824715495109
mp-1216517,V3B100,"['P222', 'Orthorhombic']",False,0.0327932938673143,False,11.95142936706543,12.48904800415039,B105,0.058252427184466,-0.121318832039833
mp-1228730,B24Mo7,"['P-6m2', 'Hexagonal']",False,0.1520672055913952,False,10.944345474243164,8.527179718017578,B5Mo2,0.1198156682027649,-0.1241934970021247
mp-753544,Li2BiO3,"['C2/c', 'Monoclinic']",False,0.0546492877083268,False,13.590482711791992,1.0089632272720337,BiBiO3,0.6666666666666666,-0.1264590173959732
mp-1219971,PPd6,"['Amm2', 'Orthorhombic']",False,0.1389283671428574,False,1.1055946350097656,0.8546373248100281,PPd3,0.2142857142857142,-0.1306894868612289
mp-1195255,Ba4Fe3Se10,"['P2_1/c', 'Monoclinic']",False,0.0965431432352934,True,15.711759567260742,3.819734334945679,BaFe2Se3,0.3137254901960784,-0.1310420483350753
mp-1103098,BiRhS,"['P2_13', 'Cubic']",True,0.0,True,2.382344961166382,0.4923022985458374,Bi2Rh3S2,0.1904761904761904,-0.1318686306476593
mp-1094426,MgZn2,"['P-6m2', 'Hexagonal']",False,0.1477026449999998,False,2.1439335346221924,1.5753110647201538,Mg2Zn3,0.1333333333333333,-0.133599653840065
mp-1094500,MgZn2,"['R32', 'Trigonal']",False,0.133771475,False,1.1686744689941406,1.2821044921875,Mg2Zn3,0.1333333333333333,-0.1368289142847061
mp-755817,Li8MnO6,"['R-3', 'Trigonal']",False,0.0300145799999986,False,30.228145599365234,2.747248411178589,Li,0.9333333333333332,-0.13785982131958
mp-1188336,Zr5Ga4,"['P6_3/mcm', 'Hexagonal']",False,0.0304747988888909,True,1.770356059074402,0.394578218460083,Ga3Zr5,0.1388888888888888,-0.1382396519184112
mp-1227069,Ce2Cu3Sb4,"['P4mm', 'Tetragonal']",False,0.0819032722222141,False,1.4590426683425903,0.8043957948684692,Cu2Sb,0.6666666666666666,-0.1414094865322113
mp-299,Mo9Se11,"['Cmcm', 'Orthorhombic']",False,0.0809387637500043,True,2.771113872528076,0.5153453350067139,Mo15Se19,0.0176470588235294,-0.1432454735040664
mp-11447,UTe,"['Pm-3m', 'Cubic']",False,0.0963364170833331,True,2.4280760288238525,1.7610666751861572,UTe2,0.3333333333333333,-0.1463351398706436
mp-1224291,HfTaB2,"['Amm2', 'Orthorhombic']",False,0.0151412129166672,False,3.0685949325561523,0.5187296271324158,HfB2,0.4999999999999999,-0.1463404893875122
mp-613,Te2Pd3,"['Cmcm', 'Orthorhombic']",False,0.1213110826000019,True,0.5003761053085327,1.0547540187835691,Pd2Te2,0.1999999999999999,-0.1469603478908538
mp-13871,P2Pt5,"['C2/c', 'Monoclinic']",True,0.0,True,2.386116743087769,2.561014413833618,Pt,0.5714285714285714,-0.1469604521989822
mp-686019,Y2Ti2O7,"['P1', 'Triclinic']",False,0.1445934890909317,False,2.803813934326172,0.6408852338790894,YTiO3,0.0727272727272727,-0.1504260301589965
mp-763609,Li4Mn5O10,"['P1', 'Triclinic']",False,0.0700676963157773,False,27.67737197875977,2.7825357913970947,O7,0.9473684210526316,-0.1507378667593002
mp-1022724,CaC4,"['P4/mmm', 'Tetragonal']",False,0.3263071860000002,False,7.367449283599853,1.956769347190857,CaC6,0.1142857142857142,-0.1508934944868087
mp-685128,Fe7S8,"['P2_1/c', 'Monoclinic']",False,0.1666718196666696,False,20.194305419921875,6.843958377838135,Fe2S2,0.0666666666666666,-0.1522433906793594
mp-585,MnB2,"['P6/mmm', 'Hexagonal']",False,0.0927278444444361,True,13.623717308044434,3.603867530822754,B2,0.6666666666666667,-0.1563311219215393
mp-1101868,AuN2,"['Pa-3', 'Cubic']",False,0.6336481266666656,False,5.740685939788818,1.9695059061050413,N4,0.6666666666666667,-0.1564646810293197
mp-771669,Li5Mn5O12,"['P-1', 'Triclinic']",False,0.063780958560585,False,38.39984893798828,4.657247543334961,O7,0.9090909090909092,-0.1588908433914184
mp-1045561,LiMn2O4,"['P2/m', 'Monoclinic']",False,0.0733633371428501,False,35.767555236816406,2.8488152027130127,O2,0.8571428571428572,-0.1599223166704177
mp-1190843,NpH3,"['P-3c1', 'Trigonal']",False,0.0245785499999993,True,15.423219680786133,1.6722460985183716,H9H7,0.5,-0.1636244505643844
mp-1189032,Fe3S,"['Pnma', 'Orthorhombic']",False,0.1634497606250002,True,24.71438980102539,9.082414627075195,Fe8,0.5,-0.1641047149896621
mp-8487,CaSbPt,"['Pnma', 'Orthorhombic']",True,0.0,True,1.0182489156723022,0.8866232633590698,CaSb2,0.6666666666666666,-0.1643034815788269
mp-770544,LiAlCrO3,"['P-1', 'Triclinic']",False,0.109911819583325,False,25.34556579589844,0.3597943484783172,Al2O3,0.6666666666666666,-0.1684477925300598
mp-1226394,Cr2CuSe3Br,"['R-3m', 'Trigonal']",False,0.0614291889285727,False,5.709688186645508,1.2618330717086792,CuSe2,0.8571428571428571,-0.1689623743295669
mp-30686,Zr2Ga3,"['Fdd2', 'Orthorhombic']",True,0.0,True,1.4154781103134155,1.2765954732894895,Ga3Zr,0.3,-0.1709158271551132
mp-973126,ScBiPd2,"['Fm-3m', 'Cubic']",False,0.0751410962499985,False,0.8777855634689331,0.8823148012161255,BiPd2,0.4999999999999999,-0.1741659045219421
mp-1187824,YBi3,"['P6_3/mmc', 'Hexagonal']",False,0.0728348287500004,False,5.025008201599121,1.6077853441238403,BiY,0.5,-0.1742585450410843
mp-1008802,ReC2,"['P4/mmm', 'Tetragonal']",False,0.9113396737499996,False,4.820414543151856,2.973456382751465,C2,0.6666666666666667,-0.1795752197504043
mp-2272,Sr6Li23,"['Fm-3m', 'Cubic']",False,0.0063923392437987,True,12.356754302978516,5.488635540008545,Li,0.4137931034482758,-0.1796978414058685
mp-10628,TaS,"['P-6m2', 'Hexagonal']",False,0.2209657489285721,True,1.923217535018921,0.688876748085022,TaS2,0.3333333333333333,-0.1868455708026886
mp-3982,KCuO2,"['Cmcm', 'Orthorhombic']",True,0.0,True,14.837188720703123,2.976169347763061,CuO2,0.4999999999999999,-0.1885080635547638
mp-1183465,Bi3Pb,"['Fm-3m', 'Cubic']",False,0.0570903925000001,False,8.56026554107666,3.949953317642212,Bi2Pb,0.1666666666666666,-0.1912829130887985
mp-1195863,ZnN6,"['P3_221', 'Trigonal']",False,0.0921554569047584,True,3.8869833946228023,1.0650465488433838,N4,0.2857142857142857,-0.1916773468255996
mp-292,V3As,"['Pm-3n', 'Cubic']",True,0.0,True,2.339308261871338,0.7305344939231873,V3,0.5,-0.1951863020658493
mp-16529,Al6Ru,"['Cmcm', 'Orthorhombic']",True,0.0,True,1.6141966581344604,0.5222268104553223,Al,0.2857142857142857,-0.2006770223379135
mp-20083,ScCuSi,"['Pnma', 'Orthorhombic']",False,0.0092641188888888,True,1.7674553394317627,0.6418326497077942,Cu3Si2,0.6666666666666667,-0.2021377980709076
mp-1211390,Te7As6,"['Cmmm', 'Orthorhombic']",False,1.0386883735897454,False,6.620936393737793,1.2251425981521606,As2Te3,0.123076923076923,-0.2040883153676986
mp-1080252,CeSe2,"['Fd-3m', 'Cubic']",False,1.2126835483333327,False,8.658658981323242,0.1503211855888366,Se2,0.6666666666666667,-0.2079381644725799
mp-28385,Sc5(Re2Si3)4,"['Amm2', 'Orthorhombic']",True,0.0,True,4.744799137115479,0.5970789790153503,Re2Si,0.6933333333333334,-0.2082860022783279
mp-862665,AcGe3,"['P6_3/mmc', 'Hexagonal']",True,0.0,False,3.0401082038879395,0.8534793257713318,Ge2,0.5,-0.2091967314481735
mp-1103747,BaGe6,"['Cmcm', 'Orthorhombic']",False,0.0605013169642854,True,3.98839807510376,0.7991815209388733,Ba8Ge46,0.0105820105820105,-0.2104997783899307
mp-1003312,KMn4O8,"['C2/m', 'Monoclinic']",False,0.0068184514102576,False,44.74699401855469,3.051182985305786,KMnO4,0.282051282051282,-0.2108264565467834
mp-1220204,NdCuNi4,"['Cmmm', 'Orthorhombic']",True,0.0,False,4.034244060516357,2.0017518997192383,NdNi5,0.3333333333333333,-0.2136906385421753
mp-1094437,Mg2Zn,"['Cmcm', 'Orthorhombic']",False,0.0583720054432141,False,3.3252739906311035,1.3460413217544556,Mg7Zn3,0.0666666666666666,-0.2225530594587326
mp-1095014,MgBi2,"['C2/m', 'Monoclinic']",False,0.0685720849999991,False,2.130576610565185,0.2927887439727783,Bi4Mg,0.2666666666666667,-0.228270873427391
mp-1004762,LiMn4O8,"['Cmc2_1', 'Orthorhombic']",False,0.0385597043269241,False,50.38511657714844,4.633160591125488,O7,0.7692307692307692,-0.2294482141733169
mp-1094468,Mg2Zn,"['C2/c', 'Monoclinic']",False,0.0660593837765475,False,1.4683319330215454,1.4923821687698364,Mg7Zn3,0.0666666666666666,-0.2298105359077453
mp-1185154,La3Ce,"['I4/mmm', 'Tetragonal']",False,0.0788462449999993,False,17.828025817871094,12.543905258178713,La3,0.5,-0.2369636297225952
mp-4050,Eu(AsRu)2,"['I4/mmm', 'Tetragonal']",True,0.0,True,10.03313159942627,1.2625913619995115,RuAs,0.3999999999999999,-0.2371887862682342
mp-1196079,Mg3Bi2,"['Ia-3', 'Cubic']",False,0.0107624129999979,False,2.2316906452178955,1.019203543663025,BiMg,0.1999999999999999,-0.2383878827095031
mp-1188303,Sn4Rh,"['I4_1/acd', 'Tetragonal']",True,0.0,True,-0.2320458739995956,0.9406076669692992,RhSn2,0.2666666666666667,-0.2404438406229019
mp-1220417,Nb6PdRh,"['Pm-3', 'Cubic']",False,0.017379459999999,False,6.029040336608887,1.0658997297286987,Nb3Pd,0.25,-0.2408850342035293
mp-1078996,Nb3Si2,"['P4/mbm', 'Tetragonal']",False,0.0224444126666689,True,1.382426381111145,1.125123143196106,Nb5Si3,0.05,-0.2457275837659835
mp-1223545,KMn2O4,"['Cm', 'Monoclinic']",False,0.0180407092857137,False,41.0276985168457,3.5559420585632324,KMnO4,0.238095238095238,-0.2457292526960373
mp-1019082,RuN2,"['P4/mbm', 'Tetragonal']",False,0.6127364483333331,False,1.4848660230636597,1.223408341407776,N4,0.6666666666666667,-0.2502695024013519
mp-30235,Lu3Ge3Ir2,"['Cmcm', 'Orthorhombic']",True,0.0,True,3.372748613357544,0.1921669095754623,Lu5Ir4Ge10,0.3026315789473684,-0.252369076013565
mp-1475,Be12Mo,"['I4/mmm', 'Tetragonal']",True,0.0,True,5.1380767822265625,4.217580318450928,Be22Mo,0.0668896321070234,-0.2528521716594696
mp-754353,Zr3N4,"['R-3m', 'Trigonal']",False,0.0514005014285725,False,3.204030990600586,1.7921000719070437,NZr,0.1428571428571428,-0.2547914087772369
mp-21684,Ce5Cu19P12,"['P-62m', 'Hexagonal']",True,0.0,True,2.2714436054229736,0.9457546472549438,CeCuP2,0.5555555555555556,-0.2574647665023803
mp-1237770,Mo12P,"['R3', 'Trigonal']",False,0.4763436542307691,True,6.191431045532227,0.945734202861786,Mo,0.1538461538461538,-0.2594243288040161
mp-1025,ThAu2,"['P6/mmm', 'Hexagonal']",True,0.0,True,3.814481496810913,0.9867531657218932,AuTh2,0.6666666666666666,-0.2629557847976684
mp-1189150,Th(As3Os)4,"['Im-3', 'Cubic']",True,0.0,True,6.548741340637207,1.0692483186721802,As2,0.588235294117647,-0.2639534771442413
mp-1216575,Tl4Bi,"['R-3m', 'Trigonal']",False,0.0268261003333334,False,6.924948692321777,0.4484211504459381,Tl,0.3999999999999999,-0.26400887966156
mp-21681,Nb5Ge4,"['Pnma', 'Orthorhombic']",False,0.0492229851719567,False,2.121929407119751,0.7319989204406738,Nb3Ge2,0.0888888888888888,-0.2681348919868469
mp-1038792,MgBi2,"['Cmcm', 'Orthorhombic']",False,0.0905488566666661,False,0.986739695072174,0.4703770279884338,Bi4Mg,0.2666666666666667,-0.2684409916400909
mp-1094432,MgZn2,"['C2/m', 'Monoclinic']",False,0.0981276516666667,False,1.7445141077041626,1.2042479515075684,Mg2Zn3,0.1333333333333333,-0.2700040638446808
mp-1038916,MgAl3,"['I4/mmm', 'Tetragonal']",False,0.0250260512499997,False,1.802186369895935,0.3107266426086426,Al3Mg2,0.3,-0.2710697650909424
mp-1039263,MgBi2,"['C2/m', 'Monoclinic']",False,0.0899535749999991,False,2.53691029548645,0.5484066009521484,Bi4Mg,0.2666666666666667,-0.2768825590610504
mp-1094436,MgZn2,"['P6_3/mmc', 'Hexagonal']",False,0.1466235866666667,False,1.8045754432678225,1.5773824453353882,Mg2Zn3,0.1333333333333333,-0.2779585421085357
mp-1188500,Nb3Au2,"['P4_132', 'Cubic']",False,0.1225927630000001,True,4.688419818878174,1.03219473361969,AuNb3,0.3,-0.2858345806598663
mp-1216761,TiVS2,"['Pmc2_1', 'Orthorhombic']",False,0.0584668895312487,False,2.3591883182525635,0.2938577234745025,TiS2,0.4999999999999999,-0.2861927151679992
mp-14549,CuO,"['Fm-3m', 'Cubic']",False,0.1711273799999997,True,72.78803253173828,6.688719272613525,CuO2,0.3333333333333333,-0.2870279550552368
mp-1185827,Mg5In,"['Cm', 'Monoclinic']",False,0.0354302319634707,False,5.8664984703063965,0.8350809812545776,Mg2,0.3333333333333332,-0.2902534604072571
mp-756371,LiMn2O4,"['R3m', 'Trigonal']",False,0.0462666957142792,False,40.66802215576172,4.143896102905273,O7,0.8571428571428572,-0.2909169793128967
mp-1185891,MgIn,"['Pmma', 'Orthorhombic']",False,0.0007349159999989,False,2.292147159576416,0.2430098056793213,InMg2,0.3333333333333333,-0.290938526391983
mp-1094465,Mg2Zn,"['Amm2', 'Orthorhombic']",False,0.0757509537765475,False,1.1156134605407717,1.3502742052078247,Mg7Zn3,0.0666666666666666,-0.2927096784114837
mp-768997,LiBi3O5,"['Pnma', 'Orthorhombic']",False,0.0809802999999949,False,10.34247875213623,4.267416954040527,BiBiO3,0.2222222222222222,-0.2938399612903595
mp-541106,Nb2Se9,"['P-1', 'Triclinic']",True,0.0,True,2.3169214725494385,0.7597014307975769,NbSe3,0.1363636363636364,-0.3090578317642212
mp-1080219,Li3Mn4O8,"['P-1', 'Triclinic']",False,0.1300481246666738,False,33.68132781982422,1.8363324403762815,O7,0.9333333333333332,-0.30940842628479
mp-1220360,NbOs3,"['P-6m2', 'Hexagonal']",False,0.1399380298611117,False,4.555764198303223,0.8566465377807617,NbOs2,0.1666666666666666,-0.309731125831604
mp-1677,Be2Mo,"['P6_3/mmc', 'Hexagonal']",True,0.0,True,2.9501960277557373,2.31045150756836,Be22Mo,0.5797101449275363,-0.3162851631641388
mp-1179674,Re2O9,"['P2_1/m', 'Monoclinic']",False,0.340135465795452,True,4.386964321136475,0.888505220413208,Re2O7,0.0808080808080808,-0.3164863586425781
mp-1183771,DyCuO3,"['Pm-3m', 'Cubic']",False,0.2257026035624996,False,68.80809020996094,4.820237159729004,CuO2,0.3999999999999999,-0.3179563879966736
mp-1103309,CuWO4,"['P2/c', 'Monoclinic']",False,0.0873796402083293,True,69.64994049072266,2.1114625930786133,Cu4O8,0.3333333333333333,-0.3261001110076904
mp-1180691,KVO4,"['Pnma', 'Orthorhombic']",False,0.3175206514583379,True,9.745643615722656,2.809779405593872,V2O5,0.3333333333333333,-0.3305857479572296
mp-1183738,CeSb3,"['Pm-3m', 'Cubic']",True,0.0,False,4.523255348205566,0.114466555416584,Sb,0.5,-0.3321815431118011
mp-1203373,Ge22Rh17,"['I-42d', 'Tetragonal']",True,0.0,True,1.2513394355773926,0.8114285469055176,RhGe,0.1282051282051282,-0.3324781656265259
mp-754011,Li(BiO2)3,"['R-3', 'Trigonal']",False,0.0791190456666717,False,17.504573822021484,1.1342405080795288,BiBiO3,0.2,-0.3329792618751526
mp-611224,VS2,"['P1', 'Triclinic']",False,2.257299893333327,False,11.154020309448242,11.043453216552734,S8V6,0.1904761904761904,-0.3336314260959625
mp-1182123,BaSb2,"['C2/m', 'Monoclinic']",False,0.069074177777777,False,2.652334928512573,0.4956927895545959,Sb,0.6666666666666667,-0.3345076739788055
mp-8234,BaTe3,"['P-42_1m', 'Tetragonal']",True,0.0,True,4.723023414611816,1.0919922590255735,Te,0.5,-0.3423777520656585
mp-1223699,InPd3,"['P4/mmm', 'Tetragonal']",False,0.1108983462499999,False,2.3898983001708984,0.7267436385154724,InPd,0.5,-0.345493346452713
mp-1220614,Nb6PbS8,"['P-3', 'Trigonal']",False,0.0310530793333345,False,6.795267105102539,0.741783857345581,Nb3S4,0.1333333333333332,-0.3476287126541137
mp-675739,Ce5CuSe8,"['I-4', 'Tetragonal']",False,0.0596060858928577,False,7.043540954589844,0.5958032608032227,CuSe2,0.7142857142857142,-0.354710042476654
mp-13093,La3Ni2Sn7,"['Cmmm', 'Orthorhombic']",True,0.0,False,3.612859010696411,0.8551139831542969,La2Sn5,0.3333333333333332,-0.356756329536438
mp-22033,Ti5Sb3,"['Pnma', 'Orthorhombic']",True,0.0,True,1.9524105787277224,0.3754681050777435,SbTi3,0.25,-0.3641518056392669
mp-1001788,ZrB6,"['Pm-3m', 'Cubic']",False,0.4022764204761913,False,3.3268723487854004,1.1906331777572632,ZrB12,0.1318681318681319,-0.3644894063472748
mp-1091395,ZrGeOs,"['P-62m', 'Hexagonal']",True,0.0,True,4.626949310302734,0.9108452796936036,Os2Zr,0.6666666666666666,-0.3692536056041717
mp-17045,Hf3Rh5,"['Pbam', 'Orthorhombic']",True,0.0,True,0.8631527423858643,0.9551258087158204,HfRh,0.25,-0.3739203214645386
mp-568106,Mg41Al67,"['Pm-3m', 'Cubic']",False,0.0517000433564809,True,0.977535843849182,0.532555341720581,Al3Mg2,0.0407407407407407,-0.3754044473171234
mp-10999,LuGeIr,"['Pnma', 'Orthorhombic']",True,0.0,True,1.8344199657440183,0.2991163432598114,Lu5Ir4Ge10,0.3859649122807017,-0.375671237707138
mp-1220795,Nb12Sn3Sb,"['Pmmm', 'Orthorhombic']",False,0.0001506331249991,False,14.303893089294434,1.2046765089035034,Nb3Sn,0.125,-0.3760712742805481
mp-1219006,Sn7Pd5,"['C2', 'Monoclinic']",False,0.0400589404166646,False,2.2428841590881348,0.6067095994949341,PdSn2,0.1666666666666666,-0.3816855847835541
mp-1194679,K5Mn3O6,"['Pna2_1', 'Orthorhombic']",False,0.0251583219642848,True,8.494485855102539,1.81042754650116,KMnO4,0.4761904761904761,-0.3816997408866882
mp-8180,LiNO3,"['R-3c', 'Trigonal']",True,0.0,True,7.026399612426758,0.8489254713058472,O6,0.8,-0.3848811984062195
mp-867727,Li5(BiO3)4,"['P-1', 'Triclinic']",False,0.021892697192464,False,16.250568389892578,1.3527615070343018,BiBiO3,0.4761904761904762,-0.3877983689308166
mp-10904,AlPt,"['P2_13', 'Cubic']",True,0.0,True,-0.3131216764450073,0.2658811807632446,Al2Pt,0.3333333333333333,-0.3923036158084869
mp-5439,Th2Ru6C5,"['P4/mbm', 'Tetragonal']",False,0.0131877459615346,True,4.825150489807129,0.9618560075759888,CRu,0.3076923076923076,-0.3936391174793243
mp-1220377,Nb6SnGe,"['Pm-3', 'Cubic']",False,0.041374483958334,False,16.165935516357422,1.611636996269226,Nb3Ge,0.25,-0.395815908908844
mp-1197879,Na2B4O11,"['P2_1/c', 'Monoclinic']",False,0.3636664851470659,False,12.643750190734863,3.101373672485352,B2O3,0.3294117647058824,-0.4010635912418365
mp-542300,Na2B8O13,"['P2_1/c', 'Monoclinic']",True,0.0,True,7.920258522033691,1.893757939338684,B2O3,0.1739130434782609,-0.4024215936660766
mp-17674,SrC10,"['Im-3', 'Cubic']",False,0.2352409327272706,True,4.87782621383667,2.189992904663086,C60Sr4,0.0568181818181818,-0.4026977717876434
mp-865103,DyGa3,"['P6_3/mmc', 'Hexagonal']",False,0.0062950124999998,False,3.2200636863708496,2.94447922706604,DyGa6,0.2142857142857142,-0.4052753150463104
mp-1192099,BO3,"['P3_2', 'Trigonal']",False,0.8349862688020835,True,9.86003303527832,4.557214260101318,B2O3,0.3,-0.4094112515449524
mp-1618,PPd6,"['P2_1/c', 'Monoclinic']",True,0.0,True,1.1827447414398191,0.5917820334434509,PPd3,0.2142857142857142,-0.4115312695503235
mp-1184672,HfTi3,"['P6_3/mmc', 'Hexagonal']",False,0.021661643749999,False,5.143507480621338,2.6726279258728027,Ti,0.5,-0.4230124950408935
mp-570596,Nd2Ni17,"['P6_3/mmc', 'Hexagonal']",False,0.0118128168421058,True,4.3383331298828125,2.366873979568481,NdNi5,0.1228070175438596,-0.4298598766326904
mp-557563,MoPb3Cl2O5,"['Cmcm', 'Orthorhombic']",True,0.0,True,9.35433292388916,0.775813639163971,ClO4,0.7272727272727273,-0.4331630170345306
mp-2826,Lu2S3,"['R-3c', 'Trigonal']",True,0.0,True,3.706786632537842,1.6322739124298096,LuS,0.1999999999999999,-0.4348808228969574
mp-556435,Fe7S8,"['P3_121', 'Trigonal']",False,0.1263903043333369,True,18.685932159423828,4.432995796203613,Fe2S2,0.0666666666666666,-0.4535755515098572
mp-1102064,MgAl2,"['I4_1/amd', 'Tetragonal']",False,0.0416055058333331,True,0.907777726650238,0.3138253092765808,Al3Mg2,0.1333333333333333,-0.4574199616909027
mp-569623,Nb(SeBr)2,"['C2/m', 'Monoclinic']",False,0.0029922422333275,True,4.856495380401611,0.814141035079956,Nb3Se4,0.7999999999999999,-0.4590939283370971
mp-1007854,FeNi3,"['Fm-3m', 'Cubic']",False,0.1084137275000003,False,10.96646499633789,1.638039469718933,Ni4,0.5,-0.4593446254730224
mp-1025059,LaAg2,"['Imma', 'Orthorhombic']",True,0.0,True,4.916623115539551,0.5991027355194092,LaAg,0.3333333333333333,-0.4593490958213806
mp-30621,DySi2Rh3,"['P6/mmm', 'Hexagonal']",True,0.0,True,2.750341415405273,1.345837950706482,RhSi2,0.6666666666666667,-0.4626352787017822
mp-569901,Ge23Mo13,"['P-4n2', 'Tetragonal']",False,0.0372481598611136,True,4.958850860595703,1.2517677545547483,MoGe2,0.0555555555555555,-0.4673289656639099
mp-1959,PuO2,"['Fm-3m', 'Cubic']",True,0.0,True,24.66324234008789,0.5300323963165283,O2,0.6666666666666667,-0.4699476063251495
mp-28979,BaC20,"['Pm-3n', 'Cubic']",False,0.2611375507142863,True,6.655085563659668,2.994626760482788,Ba4C60,0.0297619047619047,-0.472880870103836
mp-1120790,Na2VF5,"['P2_1/c', 'Monoclinic']",True,0.0,False,23.43133544921875,8.799653053283691,F,0.75,-0.4767179489135742
mp-979423,YGa3,"['Pm-3m', 'Cubic']",True,0.0,False,2.091693878173828,0.7254430651664734,Ga2Y,0.1666666666666666,-0.48143070936203
mp-1221266,Sc15(In5Rh2)4,"['Pm', 'Monoclinic']",True,0.0,False,2.254599571228028,1.0681824684143066,ScIn3,0.5697674418604651,-0.4868017733097076
mp-1524385,CeAg2,"['P6/mmm', 'Hexagonal']",False,0.0013808783333324,False,4.798427581787109,0.7303080558776855,Ag,0.6666666666666667,-0.4879444241523742
mp-16794,Sc2Re3Si4,"['P4_12_12', 'Tetragonal']",True,0.0,True,4.584871292114258,0.6815770864486694,Re2Si,0.6666666666666666,-0.4880500137805938
mp-561055,RbB3O5,"['P2_12_12_1', 'Orthorhombic']",False,0.0009588383024832,True,4.630133152008057,0.7143599987030029,B2O3,0.2222222222222222,-0.4882507920265198
mp-545,TiS,"['P6_3/mmc', 'Hexagonal']",False,0.2715041349999998,False,1.3472943305969238,0.3418633937835693,TiS2,0.3333333333333333,-0.4907863736152649
mp-1227319,Bi3Sb,"['R3m', 'Trigonal']",True,0.0,False,10.235480308532717,8.03702163696289,BiSb,0.5,-0.4923285841941833
mp-1188058,Zr3V,"['P6_3/mmc', 'Hexagonal']",False,0.1789071549999992,False,4.700554370880127,0.3809757232666015,Zr,0.5,-0.495403379201889
mp-11231,YAl3,"['Pm-3m', 'Cubic']",False,0.0129485824999999,True,2.0870296955108643,1.7314280271530151,Al,0.5,-0.4957726001739502
mp-29387,K5SnBi3,"['P2_1/c', 'Monoclinic']",False,0.0047622910879625,True,5.296154975891113,0.9244557619094848,BiK,0.3333333333333333,-0.5009368062019348
mp-542587,Ge3Pt2,"['Pnma', 'Orthorhombic']",True,0.0,True,3.2684268951416016,0.8617762327194214,PtGe2,0.1333333333333333,-0.5030129551887512
mp-1097010,CuPbO2,"['Imma', 'Orthorhombic']",False,0.0467808335156245,False,56.79631805419922,5.529428482055664,CuO2,0.4999999999999999,-0.5049051642417908
mp-1200386,Mo15Pb2Se19,"['R-3c', 'Trigonal']",False,0.0512628205555536,True,3.0640242099761963,0.6772991418838501,PbMo6Se8,0.0333333333333333,-0.5095891356468201
mp-1180929,Lu2S3,"['C2/c', 'Monoclinic']",False,0.1420755409999996,False,3.5470499992370605,1.6646052598953247,LuS,0.1999999999999999,-0.5099287629127502
mp-1214891,AlH12,"['Fd-3m', 'Cubic']",False,0.1233696580769261,False,69.742919921875,4.0891828536987305,H9H7,0.1538461538461538,-0.5109922885894775
mp-31027,Sc3(ReSi2)2,"['C2/c', 'Monoclinic']",True,0.0,True,5.182012557983398,0.5443212389945984,Re2Sc,0.8888888888888888,-0.512455403804779
mp-21673,Ge2Pt3,"['Pnma', 'Orthorhombic']",True,0.0,True,2.6118733882904053,0.355904072523117,PtGe,0.1999999999999999,-0.5146697163581848
mp-1238814,H4N,"['P-43m', 'Cubic']",False,0.3245114000000031,False,106.92015075683594,8.876073837280273,NH3,0.1,-0.5148085951805115
mp-1223102,Li7C120,"['Pm', 'Monoclinic']",False,0.3315138641732282,False,8.596555709838867,3.733698606491089,C6LiC6,0.0436099333737128,-0.5172591805458069
mp-1221594,MnO4,"['I4_1/amd', 'Tetragonal']",False,0.5096714850000055,False,15.09287452697754,1.3595316410064695,O7,0.3999999999999999,-0.5182726979255676
mp-1218017,Ta5S8,"['C2/m', 'Monoclinic']",True,0.0,False,3.479480028152466,0.8557519316673279,TaS2,0.1025641025641025,-0.5270144939422607
mp-1227392,Ca2Bi7,"['C2/m', 'Monoclinic']",False,0.1860165611111113,False,4.834470748901367,2.316805601119995,Bi3Ca,0.0555555555555555,-0.5307100415229797
mp-1210280,NbSe4,"['P4/ncc', 'Tetragonal']",False,0.0247492035999998,False,3.574967861175537,1.0400292873382568,NbSe3,0.1,-0.5328850746154785
mp-1177942,Li2Hf2O5,"['C2/c', 'Monoclinic']",False,0.0803091580555594,False,12.03140640258789,2.5109663009643555,O7,0.8888888888888888,-0.5365334749221802
mp-30788,SnMo3,"['Pm-3n', 'Cubic']",False,0.0519220062499989,True,3.0963594913482666,1.185659885406494,Mo,0.5,-0.5401195287704468
mp-28905,SrC20,"['Pm-3', 'Cubic']",False,0.2836449124603177,True,5.859779357910156,3.0276386737823486,C60Sr4,0.0297619047619047,-0.544167160987854
mp-1868,VS,"['Pnma', 'Orthorhombic']",False,0.0628147878125,True,2.276455879211426,0.6247179508209229,S8V6,0.1428571428571428,-0.5484323501586914
mp-1080251,CeSe2,"['Fm-3m', 'Cubic']",False,0.0107288949999997,False,10.069742202758787,1.8670684099197388,Se2,0.6666666666666667,-0.5497364401817322
mp-1222698,Li2B,"['P6/mmm', 'Hexagonal']",False,0.4772190655555555,False,10.489503860473633,2.531364917755127,LiB,0.3333333333333333,-0.5515804290771484
mp-1207484,Zr4Fe,"['Fd-3m', 'Cubic']",False,0.6505682650000004,False,2.3593649864196777,1.1232144832611084,Fe30Zr70,0.2,-0.5560636520385742
mp-1224195,HoUTe6,"['Amm2', 'Orthorhombic']",False,0.0078484037500006,False,2.3843331336975098,1.6980037689208984,HoTe3,0.25,-0.5569317936897278
mp-1016233,Mg3Al,"['Pmm2', 'Orthorhombic']",False,0.0547970011631848,False,1.5127304792404177,1.2584022283554075,Mg2,0.5,-0.5573716163635254
mp-880027,LiMn3O6,"['P1', 'Triclinic']",False,0.9349787446249964,False,33.16841125488281,1.7389241456985474,O7,0.8,-0.5728005170822144
mp-1080348,CeSe2,"['Pmmn', 'Orthorhombic']",False,0.0137020383333332,False,10.354089736938477,1.8927674293518064,Se2,0.6666666666666667,-0.57359778881073
mp-1038899,Mg2Bi,"['Cm', 'Monoclinic']",False,0.1852502314350275,False,2.122885465621948,0.9548012614250184,BiMg,0.3333333333333333,-0.578920304775238
mp-1187268,SmGd3,"['I4/mmm', 'Tetragonal']",False,0.0253229437499999,False,25.05122756958008,9.14913558959961,Gd,0.5,-0.579271674156189
mp-1444174,CeSe2,"['Fm-3m', 'Cubic']",False,0.0111116772222219,False,10.397130966186523,1.6625195741653442,Se7,0.6666666666666667,-0.5816830992698669
mp-568375,La2Rh7,"['P6_3/mmc', 'Hexagonal']",False,0.0139296991666668,True,2.403364896774292,1.2210805416107178,LaRh3,0.0555555555555555,-0.5869981050491333
mp-562,Sb2Pt,"['Pa-3', 'Cubic']",True,0.0,True,3.365882396697998,0.8164348602294922,PtSb,0.3333333333333333,-0.5879878401756287
mp-1237669,CeSe2,"['P3_221', 'Trigonal']",False,0.0114977749999996,False,10.424312591552734,1.6611143350601196,Se7,0.6666666666666667,-0.5889989137649536
mp-1188043,Zr3Pt,"['P6_3/mmc', 'Hexagonal']",False,0.1349099337499986,False,2.598145008087158,0.599214494228363,Zr5Pt3,0.25,-0.5924136638641357
mp-20603,CeTl3,"['Pm-3m', 'Cubic']",True,0.0,True,0.9559155702590942,-0.1819967627525329,Tl,0.5,-0.5928202271461487
mp-1206038,Mo3Se,"['Pm-3n', 'Cubic']",False,0.5764203112500024,False,1.5450233221054075,1.121029019355774,Mo,0.5,-0.5952228307723999
mp-1189125,Lu2Se3,"['Fddd', 'Orthorhombic']",True,0.0,True,1.763662576675415,0.9707316160202026,LuSe,0.1999999999999999,-0.5993027091026306
mp-770608,Li3Mn3O8,"['P4_332', 'Cubic']",False,0.0310718433809507,False,33.8172492980957,4.554765701293945,O7,0.8571428571428572,-0.6002278923988342
mp-1087511,UFeAs2,"['P4/nmm', 'Tetragonal']",True,0.0,True,19.502103805541992,4.824445724487305,FeAs2,0.4999999999999999,-0.6004314422607422
mp-10503,MgB4Os3,"['Cmcm', 'Orthorhombic']",True,0.0,True,2.410003662109375,1.059702754020691,OsB2,0.3333333333333333,-0.6006150245666504
mp-12761,BeAu2,"['I4/mmm', 'Tetragonal']",True,0.0,True,13.087782859802246,9.760431289672852,AuBe,0.3333333333333333,-0.6023444533348083
mp-1039119,MgAl3,"['P6_3/mmc', 'Hexagonal']",False,0.0343304399999997,False,2.052986621856689,0.1540539264678955,Al3Mg2,0.3,-0.6025913953781128
mp-1213975,CaB4,"['P4/mbm', 'Tetragonal']",True,0.0,False,12.63210678100586,3.420126914978028,CaB6,0.1142857142857142,-0.6057571172714233
mp-505300,Cs2MnO4,"['Pnma', 'Orthorhombic']",True,0.0,True,13.464771270751951,2.237101793289185,O7,0.8571428571428572,-0.6063592433929443
mp-1094421,Mg2Zn,"['R32', 'Trigonal']",False,0.0909763304432142,False,1.4653648138046265,1.1128660440444946,Mg7Zn3,0.0666666666666666,-0.6140981316566467
mp-1196837,Ca(Al10Cr)2,"['Fd-3m', 'Cubic']",False,0.0052830656055862,True,2.8149285316467285,0.7796207070350647,Al,0.2608695652173913,-0.6159681677818298
mp-1080346,CeSe2,"['P3_221', 'Trigonal']",False,0.0113975983333327,False,10.381607055664062,1.8650656938552856,Se7,0.6666666666666667,-0.6212668418884277
mp-11883,MgIr2,"['P6_3/mmc', 'Hexagonal']",True,0.0,True,0.813774585723877,0.714276134967804,Ir2,0.6666666666666667,-0.6213222742080688
mp-1008806,ReC2,"['I4/mmm', 'Tetragonal']",False,1.5301591537500006,False,5.290668487548828,2.2558493614196777,C2,0.6666666666666667,-0.6285392045974731
mp-1025156,NpB6,"['Pm-3m', 'Cubic']",False,0.0546950408928177,True,1.5630022287368774,0.8562511205673218,B3,0.2857142857142857,-0.6325982213020325
mp-1206322,CeAg2,"['Imma', 'Orthorhombic']",True,0.0,True,2.852167844772339,0.0614621080458164,Ag,0.6666666666666667,-0.6452839374542236
mp-1105976,LiB9,"['P6_3cm', 'Hexagonal']",False,0.1308888520000009,False,9.70141887664795,3.5507285594940186,B12Li2,0.0857142857142857,-0.6458321809768677
mp-20225,CePb3,"['Pm-3m', 'Cubic']",True,0.0,True,4.099836826324463,0.8884284496307373,Pb,0.5,-0.6469211578369141
mp-978260,Mg2Bi,"['C2/m', 'Monoclinic']",False,0.1081160714350275,False,2.412437438964844,1.0987108945846558,BiMg,0.3333333333333333,-0.6473442912101746
mp-12763,TbB6,"['Pm-3m', 'Cubic']",False,0.0201847799999992,True,2.7548604011535645,0.2548605799674988,B3,0.2857142857142857,-0.6538504362106323
mp-974455,Re3Ru,"['Imm2', 'Orthorhombic']",True,0.0,False,6.644586563110352,0.5548102855682373,Re,0.5,-0.6602805852890015
mp-20109,Th2NiB10,"['Pbam', 'Orthorhombic']",True,0.0,True,5.574780464172363,1.325534462928772,B6Th,0.1758241758241757,-0.6606020331382751
mp-1079348,B3Os2,"['P6_3/mmc', 'Hexagonal']",True,0.0,True,2.2201931476593018,0.735249936580658,OsB2,0.1333333333333333,-0.6627741456031799
mp-1094430,MgZn3,"['Imm2', 'Orthorhombic']",False,0.0813677692261904,False,2.1995346546173096,1.35254967212677,Mg2Zn11,0.1923076923076923,-0.6696820855140686
mp-33461,Li3Mn3O8,"['R-3m', 'Trigonal']",False,0.0455898490952364,False,34.32859802246094,4.865379333496094,O7,0.8571428571428572,-0.6698348522186279
mp-1202035,Ni9S8,"['I-42d', 'Tetragonal']",False,0.1022905458823526,True,13.462814331054688,0.9374899864196776,NiS2,0.392156862745098,-0.6758387088775635
mp-542607,Sc3Re2Si3,"['C2/c', 'Monoclinic']",False,0.1110271817187484,False,5.511343002319336,0.6131631731987,Re2Sc,0.8333333333333333,-0.6781203150749207
mp-999298,Pd3Au,"['Pm-3m', 'Cubic']",True,0.0,False,1.7370424270629885,1.8339221477508545,Pd,0.5,-0.6838940382003784
mp-23162,ZrCl2,"['R3m', 'Trigonal']",True,0.0,True,18.319652557373047,1.46657133102417,Cl2,0.6666666666666667,-0.686887264251709
mp-985588,FeCl,"['Pm-3m', 'Cubic']",False,0.9168940350000048,False,12.597787857055664,4.464954376220703,FeCl4,0.6000000000000001,-0.6879278421401978
mp-21011,Ce4As3,"['I-43d', 'Cubic']",False,0.0280994614285718,True,6.858123779296875,1.8090418577194212,Ce,0.8571428571428572,-0.6894980072975159
mp-32548,BiO2,"['Fm-3m', 'Cubic']",False,0.102036346666666,True,8.322166442871094,1.5803269147872925,BiBiO3,0.1333333333333333,-0.6901640295982361
